Unnamed: 0,original_index,input_metabolite_name,input_metabolite_name_final,multiple_isomers,multiple_identifiers,metabolite_id,input_hmdb_id,input_pubchem,input_chemspider,input_kegg,input_inchikey,input_chebi
1,8005,arabonate/xylonate,arabonate_xylonate,True,True,CHEM100006115,,122045,,,,
1,1,arabonate,arabonate,True,True,CHEM100006115,,122045,,,,
1,1,xylonate,xylonate,True,True,CHEM100006115,,122045,,,,
2,8005,arabonate/xylonate,arabonate_xylonate,True,True,CHEM100006115,,6602431,,,,
2,2,arabonate,arabonate,True,True,CHEM100006115,,6602431,,,,
2,2,xylonate,xylonate,True,True,CHEM100006115,,6602431,,,,
3,8006,arabitol/xylitol,arabitol_xylitol,True,True,CHEM100006430,,6912,,,,
3,3,arabitol,arabitol,True,True,CHEM100006430,,6912,,,,
3,3,xylitol,xylitol,True,True,CHEM100006430,,6912,,,,
4,8006,arabitol/xylitol,arabitol_xylitol,True,True,CHEM100006430,,94154,,,,
4,4,arabitol,arabitol,True,True,CHEM100006430,,94154,,,,
4,4,xylitol,xylitol,True,True,CHEM100006430,,94154,,,,
5,8007,2-hydroxybutyrate/2-hydroxyisobutyrate,2_hydroxybutyrate_2_hydroxyisobutyrate,True,True,CHEM100008928,,11671,,,,
5,5,2-hydroxybutyrate,2_hydroxybutyrate,True,True,CHEM100008928,,11671,,,,
5,5,2-hydroxyisobutyrate,2_hydroxyisobutyrate,True,True,CHEM100008928,,11671,,,,
6,8007,2-hydroxybutyrate/2-hydroxyisobutyrate,2_hydroxybutyrate_2_hydroxyisobutyrate,True,True,CHEM100008928,,440864,,,,
6,6,2-hydroxybutyrate,2_hydroxybutyrate,True,True,CHEM100008928,,440864,,,,
6,6,2-hydroxyisobutyrate,2_hydroxyisobutyrate,True,True,CHEM100008928,,440864,,,,
7,8008,oleate/vaccenate (18:1),oleate_vaccenate_18_1,True,True,CHEM100008930,,445639,,,,
7,7,oleate,oleate,True,True,CHEM100008930,,445639,,,,
7,7,vaccenate (18:1),vaccenate_18_1,True,True,CHEM100008930,,445639,,,,
8,8008,oleate/vaccenate (18:1),oleate_vaccenate_18_1,True,True,CHEM100008930,,5281127,,,,
8,8,oleate,oleate,True,True,CHEM100008930,,5281127,,,,
8,8,vaccenate (18:1),vaccenate_18_1,True,True,CHEM100008930,,5281127,,,,
9,8008,oleate/vaccenate (18:1),oleate_vaccenate_18_1,True,True,CHEM100008930,,5282761,,,,
9,9,oleate,oleate,True,True,CHEM100008930,,5282761,,,,
9,9,vaccenate (18:1),vaccenate_18_1,True,True,CHEM100008930,,5282761,,,,
10,5846,linolenate [alpha or gamma; (18:3n3 or 6)],linolenate_alpha or gamma__18_3n3 or 6,True,False,HMDB01388_HMDB03073,,,,,,
10,10,linolenate [alpha; (18:3n3)],linolenate_alpha__18_3n3,True,False,HMDB01388_HMDB03073,,,,,,
10,10,linolenate [gamma; (18:3n6)],linolenate_gamma__18_3n6,True,False,HMDB01388_HMDB03073,,,,,,
11,5847,Linolenate [alpha or gamma; (18:3n3 or 6)],linolenate_alpha or gamma__18_3n3 or 6,True,False,HMDB01388_HMDB03073,,,,,,
11,11,Linolenate [alpha; (18:3n3)],linolenate_alpha__18_3n3,True,False,HMDB01388_HMDB03073,,,,,,
11,11,Linolenate [gamma; (18:3n6)],linolenate_gamma__18_3n6,True,False,HMDB01388_HMDB03073,,,,,,
12,5850|5851,linolenate [alpha or gamma; (18:3n3 or 6)],linolenate_alpha or gamma__18_3n3 or 6,True,False,HMDB01388_HMDB03073,,5280934,,C06427,,
12,12,linolenate [alpha; (18:3n3)],linolenate_alpha__18_3n3,True,False,HMDB01388_HMDB03073,,5280934,,C06427,,
12,12,linolenate [gamma; (18:3n6)],linolenate_gamma__18_3n6,True,False,HMDB01388_HMDB03073,,5280934,,C06427,,
13,6183,dihomo-linolenate (20:3n3 or n6),dihomo_linolenate_20_3n3 or n6,True,False,HMDB02925,,,,,,
13,13,dihomo-linolenate (20:3n3),dihomo_linolenate_20_3n3,True,False,HMDB02925,,,,,,
13,13,dihomo-linolenate (20:3n6),dihomo_linolenate_20_3n6,True,False,HMDB02925,,,,,,
14,6184,Dihomo-linolenate (20:3n3 or n6),dihomo_linolenate_20_3n3 or n6,True,False,HMDB02925,,,,,,
14,14,Dihomo-linolenate (20:3n3),dihomo_linolenate_20_3n3,True,False,HMDB02925,,,,,,
14,14,Dihomo-linolenate (20:3n6),dihomo_linolenate_20_3n6,True,False,HMDB02925,,,,,,
15,6189,dihomo-linolenate (20:3n3 or n6),dihomo_linolenate_20_3n3 or n6,True,False,HMDB02925,,5280581,,,,
15,15,dihomo-linolenate (20:3n3),dihomo_linolenate_20_3n3,True,False,HMDB02925,,5280581,,,,
15,15,dihomo-linolenate (20:3n6),dihomo_linolenate_20_3n6,True,False,HMDB02925,,5280581,,,,
16,8022,aconitate [cis or trans],aconitate_cis or trans,True,True,HMDB00072_HMDB00958,HMDB0000072,,,C00417,,
16,16,aconitate [cis],aconitate_cis,True,True,HMDB00072_HMDB00958,HMDB0000072,,,C00417,,
16,16,aconitate [trans],aconitate_trans,True,True,HMDB00072_HMDB00958,HMDB0000072,,,C00417,,
17,4423,aconitate [cis or trans],aconitate_cis or trans,True,False,HMDB00072_HMDB00958,HMDB0000072,,,C00417,,
17,17,aconitate [cis],aconitate_cis,True,False,HMDB00072_HMDB00958,HMDB0000072,,,C00417,,
17,17,aconitate [trans],aconitate_trans,True,False,HMDB00072_HMDB00958,HMDB0000072,,,C00417,,
18,4254,N-acetylglucosamine/N-acetylgalactosamine,n_acetylglucosamine_n_acetylgalactosamine,True,False,HMDB0000212_HMDB00215,HMDB0000215,24139,,,,
18,18,N-acetylglucosamine,n_acetylglucosamine,True,False,HMDB0000212_HMDB00215,HMDB0000215,24139,,,,
18,18,N-acetylgalactosamine,n_acetylgalactosamine,True,False,HMDB0000212_HMDB00215,HMDB0000215,24139,,,,
19,1764,mannitol/sorbitol,mannitol_sorbitol,True,False,CHEM100001740,HMDB0000247,5780,440.0,C01507,,
19,19,mannitol,mannitol,True,False,CHEM100001740,HMDB0000247,5780,440.0,C01507,,
19,19,sorbitol,sorbitol,True,False,CHEM100001740,HMDB0000247,5780,440.0,C01507,,
20,5023,UDP-galactose/UDP-glucose,udp_galactose_udp_glucose,True,False,HMDB00286,HMDB0000286,,,,,
20,20,UDP-galactose,udp_galactose,True,False,HMDB00286,HMDB0000286,,,,,
20,20,UDP-glucose,udp_glucose,True,False,HMDB00286,HMDB0000286,,,,,
21,5154,"bilirubin (E,Z or Z,E)*",bilirubin_e_z or z_e,True,False,HMDB00488,HMDB0000488,5799469,4705847.0,,,
21,21,"bilirubin (E,Z) *",bilirubin_e_z_,True,False,HMDB00488,HMDB0000488,5799469,4705847.0,,,
21,21,"bilirubin (Z,E) *",bilirubin_z_e_,True,False,HMDB00488,HMDB0000488,5799469,4705847.0,,,
22,1879,deoxycholate/chenodeoxycholate,deoxycholate_chenodeoxycholate,True,False,CHEM100002178,HMDB0000626,440355,,,,
22,22,deoxycholate,deoxycholate,True,False,CHEM100002178,HMDB0000626,440355,,,,
22,22,chenodeoxycholate,chenodeoxycholate,True,False,CHEM100002178,HMDB0000626,440355,,,,
23,5249,glycodeoxycholate/glycochenodeoxycholate,glycodeoxycholate_glycochenodeoxycholate,True,False,HMDB00631,HMDB0000631,,,,,
23,23,glycodeoxycholate,glycodeoxycholate,True,False,HMDB00631,HMDB0000631,,,,,
23,23,glycochenodeoxycholate,glycochenodeoxycholate,True,False,HMDB00631,HMDB0000631,,,,,
24,5640,taurohyodeoxycholate/tauroursodeoxycholate,taurohyodeoxycholate_tauroursodeoxycholate,True,False,HMDB00874,HMDB0000874,,,,,
24,24,taurohyodeoxycholate,taurohyodeoxycholate,True,False,HMDB00874,HMDB0000874,,,,,
24,24,tauroursodeoxycholate,tauroursodeoxycholate,True,False,HMDB00874,HMDB0000874,,,,,
25,8022,aconitate [cis or trans],aconitate_cis or trans,True,True,HMDB00072_HMDB00958,HMDB0000958,,,C02341,,
25,25,aconitate [cis],aconitate_cis,True,True,HMDB00072_HMDB00958,HMDB0000958,,,C02341,,
25,25,aconitate [trans],aconitate_trans,True,True,HMDB00072_HMDB00958,HMDB0000958,,,C02341,,
26,5842,(18:3n3 or 6)],18_3n3 or 6,True,False,HMDB01388,HMDB0001388,,,Lipid,,
26,26,(18:3n3) ],18_3n3_,True,False,HMDB01388,HMDB0001388,,,Lipid,,
26,26,(18:3n6) ],18_3n6_,True,False,HMDB01388,HMDB0001388,,,Lipid,,
27,5849|8076,linolenate [alpha or gamma; (18:3n3 or 6)],linolenate_alpha or gamma__18_3n3 or 6,True,False,HMDB01388_HMDB03073,HMDB0001388,,,C06427,,
27,27,linolenate [alpha; (18:3n3)],linolenate_alpha__18_3n3,True,False,HMDB01388_HMDB03073,HMDB0001388,,,C06427,,
27,27,linolenate [gamma; (18:3n6)],linolenate_gamma__18_3n6,True,False,HMDB01388_HMDB03073,HMDB0001388,,,C06427,,
28,8074|8075,Linolenate _alpha or gamma; (18:3n3 or 6)_,linolenate_alpha or gamma__18_3n3 or 6,True,True,HMDB01388_HMDB03073,HMDB0001388,5280934,,,,
28,28,Linolenate _alpha or gamma; (18:3n3) _,linolenate_alpha or gamma__18_3n3_,True,True,HMDB01388_HMDB03073,HMDB0001388,5280934,,,,
28,28,Linolenate _alpha or gamma; (18:3n6) _,linolenate_alpha or gamma__18_3n6_,True,True,HMDB01388_HMDB03073,HMDB0001388,5280934,,,,
29,6086,eicosenoate (20:1n9 or 11),eicosenoate_20_1n9 or 11,True,False,HMDB02231,HMDB0002231,5282768,,,,
29,29,eicosenoate (20:1n9),eicosenoate_20_1n9,True,False,HMDB02231,HMDB0002231,5282768,,,,
29,29,eicosenoate (20:1n11),eicosenoate_20_1n11,True,False,HMDB02231,HMDB0002231,5282768,,,,
30,6185|6190,dihomo-linolenate (20:3n3 or n6),dihomo_linolenate_20_3n3 or n6,True,False,HMDB02925,HMDB0002925,,,C03242,,
30,30,dihomo-linolenate (20:3n3),dihomo_linolenate_20_3n3,True,False,HMDB02925,HMDB0002925,,,C03242,,
30,30,dihomo-linolenate (20:3n6),dihomo_linolenate_20_3n6,True,False,HMDB02925,HMDB0002925,,,C03242,,
31,6182|6186|6188|8091|8092,dihomo-linolenate (20:3n3 or n6),dihomo_linolenate_20_3n3 or n6,True,False,HMDB02925,HMDB0002925,5280581,4471954.0,C03242,,
31,31,dihomo-linolenate (20:3n3),dihomo_linolenate_20_3n3,True,False,HMDB02925,HMDB0002925,5280581,4471954.0,C03242,,
31,31,dihomo-linolenate (20:3n6),dihomo_linolenate_20_3n6,True,False,HMDB02925,HMDB0002925,5280581,4471954.0,C03242,,
32,6187|8091|8092,dihomo-linolenate (20:3n3 or n6),dihomo_linolenate_20_3n3 or n6,True,False,HMDB02925,HMDB0002925,5312529,,C03242,,
32,32,dihomo-linolenate (20:3n3),dihomo_linolenate_20_3n3,True,False,HMDB02925,HMDB0002925,5312529,,C03242,,
32,32,dihomo-linolenate (20:3n6),dihomo_linolenate_20_3n6,True,False,HMDB02925,HMDB0002925,5312529,,C03242,,
33,8076,linolenate [alpha or gamma; (18:3n3 or 6)],linolenate_alpha or gamma__18_3n3 or 6,True,True,HMDB01388_HMDB03073,HMDB0003073,,,,,
33,33,linolenate [alpha; (18:3n3)],linolenate_alpha__18_3n3,True,True,HMDB01388_HMDB03073,HMDB0003073,,,,,
33,33,linolenate [gamma; (18:3n6)],linolenate_gamma__18_3n6,True,True,HMDB01388_HMDB03073,HMDB0003073,,,,,
34,5845,linolenate [alpha or gamma; (18:3n3 or 6)],linolenate_alpha or gamma__18_3n3 or 6,True,False,HMDB01388_HMDB03073,HMDB0003073,5280934,,,,
34,34,linolenate [alpha; (18:3n3)],linolenate_alpha__18_3n3,True,False,HMDB01388_HMDB03073,HMDB0003073,5280934,,,,
34,34,linolenate [gamma; (18:3n6)],linolenate_gamma__18_3n6,True,False,HMDB01388_HMDB03073,HMDB0003073,5280934,,,,
35,5848,linolenate [alpha or gamma; (18:3n3 or 6)],linolenate_alpha or gamma__18_3n3 or 6,True,False,HMDB01388_HMDB03073,HMDB0003073,5280934,4444437.0,C06426,,
35,35,linolenate [alpha; (18:3n3)],linolenate_alpha__18_3n3,True,False,HMDB01388_HMDB03073,HMDB0003073,5280934,4444437.0,C06426,,
35,35,linolenate [gamma; (18:3n6)],linolenate_gamma__18_3n6,True,False,HMDB01388_HMDB03073,HMDB0003073,5280934,4444437.0,C06426,,
36,8074,Linolenate _alpha or gamma; (18:3n3 or 6)_,linolenate_alpha or gamma__18_3n3 or 6,True,True,HMDB01388_HMDB03073,HMDB0003073,5280934,,,,
36,36,Linolenate _alpha or gamma; (18:3n3) _,linolenate_alpha or gamma__18_3n3_,True,True,HMDB01388_HMDB03073,HMDB0003073,5280934,,,,
36,36,Linolenate _alpha or gamma; (18:3n6) _,linolenate_alpha or gamma__18_3n6_,True,True,HMDB01388_HMDB03073,HMDB0003073,5280934,,,,
37,8075,linolenate [alpha or gamma; (18:3n3 or 6)],linolenate_alpha or gamma__18_3n3 or 6,True,True,HMDB01388_HMDB03073,HMDB0003073,5280934,,,,
37,37,linolenate [alpha; (18:3n3)],linolenate_alpha__18_3n3,True,True,HMDB01388_HMDB03073,HMDB0003073,5280934,,,,
37,37,linolenate [gamma; (18:3n6)],linolenate_gamma__18_3n6,True,True,HMDB01388_HMDB03073,HMDB0003073,5280934,,,,
38,8077,linolenate [alpha or gamma; (18:3n3 or 6)],linolenate_alpha or gamma__18_3n3 or 6,True,True,HMDB01388_HMDB03073,HMDB0003073,5280934,,C06426,,
38,38,linolenate [alpha; (18:3n3)],linolenate_alpha__18_3n3,True,True,HMDB01388_HMDB03073,HMDB0003073,5280934,,C06426,,
38,38,linolenate [gamma; (18:3n6)],linolenate_gamma__18_3n6,True,True,HMDB01388_HMDB03073,HMDB0003073,5280934,,C06426,,
39,8077,linolenate [alpha or gamma; (18:3n3 or 6)],linolenate_alpha or gamma__18_3n3 or 6,True,True,HMDB01388_HMDB03073,HMDB0003073,5280934,,C06427,,
39,39,linolenate [alpha; (18:3n3)],linolenate_alpha__18_3n3,True,True,HMDB01388_HMDB03073,HMDB0003073,5280934,,C06427,,
39,39,linolenate [gamma; (18:3n6)],linolenate_gamma__18_3n6,True,True,HMDB01388_HMDB03073,HMDB0003073,5280934,,C06427,,
40,6949,1-dihomo-linolenoyl-GPC (20:3n3 or 6)*,1_dihomo_linolenoyl_gpc_20_3n3 or 6,True,False,HMDB10394,HMDB0010394,,21403156.0,,,
40,40,1-dihomo-linolenoyl-GPC (20:3n3) *,1_dihomo_linolenoyl_gpc_20_3n3_,True,False,HMDB10394,HMDB0010394,,21403156.0,,,
40,40,1-dihomo-linolenoyl-GPC (20:3n6) *,1_dihomo_linolenoyl_gpc_20_3n6_,True,False,HMDB10394,HMDB0010394,,21403156.0,,,
41,7658,(16 or 17)-methylstearate (a19:0 or i19:0),16 or 17_methylstearate_a19_0 or i19_0,True,False,HMDB37397,HMDB0037397,3083779,,,,
41,41,(16) -methylstearate (a19:0 or i19:0),16__methylstearate_a19_0 or i19_0,True,False,HMDB37397,HMDB0037397,3083779,,,,
41,41,(17) -methylstearate (a19:0 or i19:0),17__methylstearate_a19_0 or i19_0,True,False,HMDB37397,HMDB0037397,3083779,,,,
42,20,3-Hydroxy-hexadecanoyl carnitine or Tetradecanedioyl carnitine,3_hydroxy_hexadecanoyl carnitine or tetradecanedioyl carnitine,True,False,BIOCHEM_3HYDHEXTETCARNITINE,,,,,,
42,42,3-Hydroxy-hexadecanoyl carnitine,3_hydroxy_hexadecanoyl carnitine,True,False,BIOCHEM_3HYDHEXTETCARNITINE,,,,,,
42,42,Tetradecanedioyl carnitine,tetradecanedioyl carnitine,True,False,BIOCHEM_3HYDHEXTETCARNITINE,,,,,,
43,21,"3-Hydroxy-octadecanoyl carnitine or Hexadecanedioyl carnitine, thapsoyl carnitine",3_hydroxy_octadecanoyl carnitine or hexadecanedioyl carnitine_thapsoyl carnitine,True,False,BIOCHEM_3HYDROXOCTHEXCARN,,,,,,
43,43,3-Hydroxy-octadecanoyl carnitine,3_hydroxy_octadecanoyl carnitine,True,False,BIOCHEM_3HYDROXOCTHEXCARN,,,,,,
43,43,"Hexadecanedioyl carnitine, thapsoyl carnitine",hexadecanedioyl carnitine_thapsoyl carnitine,True,False,BIOCHEM_3HYDROXOCTHEXCARN,,,,,,
44,23,3-Hydroxy-tetradecanoyl carnitine or Dodecanedioyl carnitine,3_hydroxy_tetradecanoyl carnitine or dodecanedioyl carnitine,True,False,BIOCHEM_3HYDTETDODECARNITINE,,,,,,
44,44,3-Hydroxy-tetradecanoyl carnitine,3_hydroxy_tetradecanoyl carnitine,True,False,BIOCHEM_3HYDTETDODECARNITINE,,,,,,
44,44,Dodecanedioyl carnitine,dodecanedioyl carnitine,True,False,BIOCHEM_3HYDTETDODECARNITINE,,,,,,
45,26,Asparatate/asparatime,asparatate_asparatime,True,False,BIOCHEM_ASPARA,,,,,,
45,45,Asparatate,asparatate,True,False,BIOCHEM_ASPARA,,,,,,
45,45,asparatime,asparatime,True,False,BIOCHEM_ASPARA,,,,,,
46,35,3-Hydroxy-dodecanoyl carnitine or Sebacoyl carnitine,3_hydroxy_dodecanoyl carnitine or sebacoyl carnitine,True,False,BIOCHEM_HYDSEBCARNITINE,,,,,,
46,46,3-Hydroxy-dodecanoyl carnitine,3_hydroxy_dodecanoyl carnitine,True,False,BIOCHEM_HYDSEBCARNITINE,,,,,,
46,46,Sebacoyl carnitine,sebacoyl carnitine,True,False,BIOCHEM_HYDSEBCARNITINE,,,,,,
47,793,Total Plasma Free Cholesterol mg/dL,total plasma free cholesterol mg_dl,False,False,BM00183,,,,,,
48,800,Total Plasma Triglycerides mg/dL,total plasma triglycerides mg_dl,False,False,BM00184,,,,,,
49,835,TG/PG,tg_pg,True,False,BM00189,,,,,,
49,49,TG,tg,True,False,BM00189,,,,,,
49,49,PG,pg,True,False,BM00189,,,,,,
50,858,ApoB/ApoA1,apob_apoa1,True,False,BM00195,,,,,,
50,50,ApoB,apob,True,False,BM00195,,,,,,
50,50,ApoA1,apoa1,True,False,BM00195,,,,,,
51,1567,methylmalonyl-/succinylcarnitine,methylmalonyl_succinylcarnitine,False,False,C4_DC,,,,,,
52,1635,Butyryl carnitine or Isobutyryl carnitine,butyryl carnitine or isobutyryl carnitine,True,False,CHEBI21949,,,,,,
52,52,Butyryl carnitine,butyryl carnitine,True,False,CHEBI21949,,,,,,
52,52,Isobutyryl carnitine,isobutyryl carnitine,True,False,CHEBI21949,,,,,,
53,1833,"5alpha-pregnan-3(alpha or beta),20beta-diol disulfate",5alpha_pregnan_3_alpha or beta_20beta_diol disulfate,True,False,CHEM100002015,,5127902,4302261.0,,,
53,53,"5alpha-pregnan-3 (alpha) ,20beta-diol disulfate",5alpha_pregnan_3_alpha__20beta_diol disulfate,True,False,CHEM100002015,,5127902,4302261.0,,,
53,53,"5alpha-pregnan-3 (beta) ,20beta-diol disulfate",5alpha_pregnan_3_beta__20beta_diol disulfate,True,False,CHEM100002015,,5127902,4302261.0,,,
54,1902,(14 or 15)-methylpalmitate (a17:0 or i17:0),14 or 15_methylpalmitate_a17_0 or i17_0,True,False,CHEM100002945,,17903417,,,,
54,54,(14) -methylpalmitate (a17:0 or i17:0),14__methylpalmitate_a17_0 or i17_0,True,False,CHEM100002945,,17903417,,,,
54,54,(15) -methylpalmitate (a17:0 or i17:0),15__methylpalmitate_a17_0 or i17_0,True,False,CHEM100002945,,17903417,,,,
55,1906,Methyl palmitate (15 or 2),methyl palmitate_15 or 2,True,False,CHEM100002945,,17903417,,,,
55,55,Methyl palmitate (15),methyl palmitate,True,False,CHEM100002945,,17903417,,,,
55,55,Methyl palmitate (2),methyl palmitate,True,False,CHEM100002945,,17903417,,,,
56,2022,3-Hydroxy-isovaleryl carnitine or Malonyl carnitine,3_hydroxy_isovaleryl carnitine or malonyl carnitine,True,False,CHEM100003926_HMDB02095,,,,,,
56,56,3-Hydroxy-isovaleryl carnitine,3_hydroxy_isovaleryl carnitine,True,False,CHEM100003926_HMDB02095,,,,,,
56,56,Malonyl carnitine,malonyl carnitine,True,False,CHEM100003926_HMDB02095,,,,,,
57,2083,1-dihomo-linolenoyl-GPE (20:3n3 or 6)*,1_dihomo_linolenoyl_gpe_20_3n3 or 6,True,False,CHEM100005371,,,,,,
57,57,1-dihomo-linolenoyl-GPE (20:3n3) *,1_dihomo_linolenoyl_gpe_20_3n3_,True,False,CHEM100005371,,,,,,
57,57,1-dihomo-linolenoyl-GPE (20:3n6) *,1_dihomo_linolenoyl_gpe_20_3n6_,True,False,CHEM100005371,,,,,,
58,2132,arabonate/xylonate,arabonate_xylonate,True,False,CHEM100006115,,,,,,
58,58,arabonate,arabonate,True,False,CHEM100006115,,,,,,
58,58,xylonate,xylonate,True,False,CHEM100006115,,,,,,
59,2153,pregnanolone/allopregnanolone sulfate,pregnanolone_allopregnanolone sulfate,True,False,CHEM100006173,,,,,,
59,59,pregnanolone,pregnanolone,True,False,CHEM100006173,,,,,,
59,59,allopregnanolone sulfate,allopregnanolone sulfate,True,False,CHEM100006173,,,,,,
60,2194,arabitol/xylitol,arabitol_xylitol,True,False,CHEM100006430,,6912,,,,
60,60,arabitol,arabitol,True,False,CHEM100006430,,6912,,,,
60,60,xylitol,xylitol,True,False,CHEM100006430,,6912,,,,
61,2195,citraconate/glutaconate,citraconate_glutaconate,True,False,CHEM100006438,,,,,,
61,61,citraconate,citraconate,True,False,CHEM100006438,,,,,,
61,61,glutaconate,glutaconate,True,False,CHEM100006438,,,,,,
62,2200,3-Hydroxy-decanoyl carnitine or Suberoyl carnitine,3_hydroxy_decanoyl carnitine or suberoyl carnitine,True,False,CHEM100006627_3HYDRO,,,,,,
62,62,3-Hydroxy-decanoyl carnitine,3_hydroxy_decanoyl carnitine,True,False,CHEM100006627_3HYDRO,,,,,,
62,62,Suberoyl carnitine,suberoyl carnitine,True,False,CHEM100006627_3HYDRO,,,,,,
63,2212,2-hydroxybutyrate/2-hydroxyisobutyrate,2_hydroxybutyrate_2_hydroxyisobutyrate,True,False,CHEM100008928,,,,,,
63,63,2-hydroxybutyrate,2_hydroxybutyrate,True,False,CHEM100008928,,,,,,
63,63,2-hydroxyisobutyrate,2_hydroxyisobutyrate,True,False,CHEM100008928,,,,,,
64,2213,2-methylcitrate/homocitrate,2_methylcitrate_homocitrate,True,False,CHEM100008929,,,,,,
64,64,2-methylcitrate,2_methylcitrate,True,False,CHEM100008929,,,,,,
64,64,homocitrate,homocitrate,True,False,CHEM100008929,,,,,,
65,2214,oleate/vaccenate (18:1),oleate_vaccenate_18_1,True,False,CHEM100008930,,,,,,
65,65,oleate,oleate,True,False,CHEM100008930,,,,,,
65,65,vaccenate (18:1),vaccenate_18_1,True,False,CHEM100008930,,,,,,
66,2224,1-palmitoyl-2-dihomo-linolenoyl-GPC (16:0/20:3n3 or 6)*,1_palmitoyl_2_dihomo_linolenoyl_gpc_16_0_20_3n3 or 6,True,False,CHEM100008985,,,,,,
66,66,1-palmitoyl-2-dihomo-linolenoyl-GPC (16:0/20:3n3) *,1_palmitoyl_2_dihomo_linolenoyl_gpc_16_0_20_3n3_,True,False,CHEM100008985,,,,,,
66,66,1-palmitoyl-2-dihomo-linolenoyl-GPC (16:0/20:3n6) *,1_palmitoyl_2_dihomo_linolenoyl_gpc_16_0_20_3n6_,True,False,CHEM100008985,,,,,,
67,2227,b- and/or g-tocopherol,b_and_or g_tocopherol,True,False,CHEM100008998,,,,,,
67,67,b-tocopherol,b_tocopherol,True,False,CHEM100008998,,,,,,
67,67,g-tocopherol,g_tocopherol,True,False,CHEM100008998,,,,,,
68,2228,gamma-tocopherol/beta-tocopherol,gamma_tocopherol_beta_tocopherol,True,False,CHEM100008998,,,,,,
68,68,gamma-tocopherol,gamma_tocopherol,True,False,CHEM100008998,,,,,,
68,68,beta-tocopherol,beta_tocopherol,True,False,CHEM100008998,,,,,,
69,2244,1-stearoyl-2-dihomo-linolenoyl-GPC (18:0/20:3n3 or 6)*,1_stearoyl_2_dihomo_linolenoyl_gpc_18_0_20_3n3 or 6,True,False,CHEM100009051,,,24766712.0,,,
69,69,1-stearoyl-2-dihomo-linolenoyl-GPC (18:0/20:3n3) *,1_stearoyl_2_dihomo_linolenoyl_gpc_18_0_20_3n3_,True,False,CHEM100009051,,,24766712.0,,,
69,69,1-stearoyl-2-dihomo-linolenoyl-GPC (18:0/20:3n6) *,1_stearoyl_2_dihomo_linolenoyl_gpc_18_0_20_3n6_,True,False,CHEM100009051,,,24766712.0,,,
70,2280,14-HDoHE/17-HDoHE,14_hdohe_17_hdohe,True,False,CHEM100009278,,,,,,
70,70,14-HDoHE,14_hdohe,True,False,CHEM100009278,,,,,,
70,70,17-HDoHE,17_hdohe,True,False,CHEM100009278,,,,,,
71,2294,pimeloylcarnitine/3-methyladipoylcarnitine (C7-DC),pimeloylcarnitine_3_methyladipoylcarnitine_c7_dc,True,False,CHEM100009407,,,,,,
71,71,pimeloylcarnitine,pimeloylcarnitine,True,False,CHEM100009407,,,,,,
71,71,3-methyladipoylcarnitine (C7-DC),3_methyladipoylcarnitine_c7_dc,True,False,CHEM100009407,,,,,,
72,2372,dihomo-linolenoylcarnitine (20:3n3 or 6)*,dihomo_linolenoylcarnitine_20_3n3 or 6,True,False,CHEM100015840,,,,,,
72,72,dihomo-linolenoylcarnitine (20:3n3) *,dihomo_linolenoylcarnitine_20_3n3_,True,False,CHEM100015840,,,,,,
72,72,dihomo-linolenoylcarnitine (20:3n6) *,dihomo_linolenoylcarnitine_20_3n6_,True,False,CHEM100015840,,,,,,
73,2373,dihomo-linolenoylcarnitine (C20:3n3 or 6)*,dihomo_linolenoylcarnitine_c20_3n3 or 6,True,False,CHEM100015840,,,,,,
73,73,dihomo-linolenoylcarnitine (C20:3n3) *,dihomo_linolenoylcarnitine_c20_3n3_,True,False,CHEM100015840,,,,,,
73,73,dihomo-linolenoylcarnitine (C20:3n6) *,dihomo_linolenoylcarnitine_c20_3n6_,True,False,CHEM100015840,,,,,,
74,2397,Deoxycholic_acid/Chenodeoxycholic_acid,deoxycholic_acid_chenodeoxycholic_acid,True,False,CHEM302_CHENO,,,,,,
74,74,Deoxycholic_acid,deoxycholic_acid,True,False,CHEM302_CHENO,,,,,,
74,74,Chenodeoxycholic_acid,chenodeoxycholic_acid,True,False,CHEM302_CHENO,,,,,,
75,3025,3-Hydroxy-cis-5-octenoyl carnitine or Hexenedioyl carnitine,3_hydroxy_cis_5_octenoyl carnitine or hexenedioyl carnitine,True,False,COMP39632_47658_AC38,,,,,,
75,75,3-Hydroxy-cis-5-octenoyl carnitine,3_hydroxy_cis_5_octenoyl carnitine,True,False,COMP39632_47658_AC38,,,,,,
75,75,Hexenedioyl carnitine,hexenedioyl carnitine,True,False,COMP39632_47658_AC38,,,,,,
76,3119,butyrate/isobutyrate (4:0),butyrate_isobutyrate_4_0,True,False,COMP40605,,264,,,,
76,76,butyrate,butyrate,True,False,COMP40605,,264,,,,
76,76,isobutyrate (4:0),isobutyrate_4_0,True,False,COMP40605,,264,,,,
77,3305,"fructose 1,6-diphosphate/glucose 1,6-diphosphate/myo-inositol diphosphates [scal",fructose 1_6_diphosphate_glucose 1_6_diphosphate_myo_inositol diphosphates_scal,True,False,COMP46896,,,,,,
77,77,"fructose 1,6-diphosphate",fructose 1_6_diphosphate,True,False,COMP46896,,,,,,
77,77,"glucose 1,6-diphosphate",glucose 1_6_diphosphate,True,False,COMP46896,,,,,,
77,77,myo-inositol diphosphates [scal,myo_inositol diphosphates_scal,True,False,COMP46896,,,,,,
78,3445,isoleucylleucine/leucylisoleucine,isoleucylleucine_leucylisoleucine,True,False,COMP52322,,,,,,
78,78,isoleucylleucine,isoleucylleucine,True,False,COMP52322,,,,,,
78,78,leucylisoleucine,leucylisoleucine,True,False,COMP52322,,,,,,
79,3446,leucylphenylalanine/isoleucylphenylalanine,leucylphenylalanine_isoleucylphenylalanine,True,False,COMP52415,,,,,,
79,79,leucylphenylalanine,leucylphenylalanine,True,False,COMP52415,,,,,,
79,79,isoleucylphenylalanine,isoleucylphenylalanine,True,False,COMP52415,,,,,,
80,3554,1-stearoyl-2-dihomo-linolenoyl-GPI (18:0/20:3n3 or 6)*,1_stearoyl_2_dihomo_linolenoyl_gpi_18_0_20_3n3 or 6,True,False,COMP54984,,,24767699.0,,,
80,80,1-stearoyl-2-dihomo-linolenoyl-GPI (18:0/20:3n3) *,1_stearoyl_2_dihomo_linolenoyl_gpi_18_0_20_3n3_,True,False,COMP54984,,,24767699.0,,,
80,80,1-stearoyl-2-dihomo-linolenoyl-GPI (18:0/20:3n6) *,1_stearoyl_2_dihomo_linolenoyl_gpi_18_0_20_3n6_,True,False,COMP54984,,,24767699.0,,,
81,3568,1-stearoyl-2-dihomo-linolenoyl-GPE (18:0/20:3n3 or 6)*,1_stearoyl_2_dihomo_linolenoyl_gpe_18_0_20_3n3 or 6,True,False,COMP57336,,,24768480.0,,,
81,81,1-stearoyl-2-dihomo-linolenoyl-GPE (18:0/20:3n3) *,1_stearoyl_2_dihomo_linolenoyl_gpe_18_0_20_3n3_,True,False,COMP57336,,,24768480.0,,,
81,81,1-stearoyl-2-dihomo-linolenoyl-GPE (18:0/20:3n6) *,1_stearoyl_2_dihomo_linolenoyl_gpe_18_0_20_3n6_,True,False,COMP57336,,,24768480.0,,,
82,3610,ribulonate/xylulonate*,ribulonate_xylulonate,True,False,COMP61858,,,,,,
82,82,ribulonate,ribulonate,True,False,COMP61858,,,,,,
82,82,xylulonate*,xylulonate,True,False,COMP61858,,,,,,
83,3611,ribulonate/xylulonate/lyxonate*,ribulonate_xylulonate_lyxonate,True,False,COMP61858,,,,,,
83,83,ribulonate,ribulonate,True,False,COMP61858,,,,,,
83,83,xylulonate,xylulonate,True,False,COMP61858,,,,,,
83,83,lyxonate*,lyxonate,True,False,COMP61858,,,,,,
84,3625,3-Hydroxy-eicosanoyl carnitine or Octadecanedioyl carnitine,3_hydroxy_eicosanoyl carnitine or octadecanedioyl carnitine,True,False,COMP61865_3HYDROX,,,,,,
84,84,3-Hydroxy-eicosanoyl carnitine,3_hydroxy_eicosanoyl carnitine,True,False,COMP61865_3HYDROX,,,,,,
84,84,Octadecanedioyl carnitine,octadecanedioyl carnitine,True,False,COMP61865_3HYDROX,,,,,,
85,3762,"(2,4 or 2,5)-dimethylphenol sulfate",2_4 or 2_5_dimethylphenol sulfate,True,False,COMP62533,,,,,,
85,85,"(2,4) -dimethylphenol sulfate",2_4__dimethylphenol sulfate,True,False,COMP62533,,,,,,
85,85,"(2,5) -dimethylphenol sulfate",2_5__dimethylphenol sulfate,True,False,COMP62533,,,,,,
86,3940,(2 or 3)-decenoate (10:1n7 or n8),2 or 3_decenoate_10_1n7 or n8,True,False,COMP63436,,,,,,
86,86,(2) -decenoate (10:1n7 or n8),2__decenoate_10_1n7 or n8,True,False,COMP63436,,,,,,
86,86,(3) -decenoate (10:1n7 or n8),3__decenoate_10_1n7 or n8,True,False,COMP63436,,,,,,
87,3958,deoxycholic acid (12 or 24)-sulfate*,deoxycholic acid_12 or 24_sulfate,True,False,COMP63688,,,,,,
87,87,deoxycholic acid (12) -sulfate*,deoxycholic acid_12__sulfate,True,False,COMP63688,,,,,,
87,87,deoxycholic acid (24) -sulfate*,deoxycholic acid_24__sulfate,True,False,COMP63688,,,,,,
88,3976,"lysopcac180 in plasma, micromole/L",lysopcac180 in plasma_micromole_l,False,False,CSID18953394,,,,,,
89,3987,"pcaec406 in plasma, micromole/L",pcaec406 in plasma_micromole_l,False,False,CSID24608218,,,,,,
90,3992,"pcaac281 in plasma, micromole/L",pcaac281 in plasma_micromole_l,False,False,CSID24822210,,,,,,
91,3997,"pcaac300 in plasma, micromole/L",pcaac300 in plasma_micromole_l,False,False,CSID24822213,,,,,,
92,4005,"pcaac360 in plasma, micromole/L",pcaac360 in plasma_micromole_l,False,False,CSID24822327,,,,,,
93,4014,"pcaac343 in plasma, micromole/L",pcaac343 in plasma_micromole_l,False,False,CSID24822407,,,,,,
94,4019,"pcaac365 in plasma, micromole/L",pcaac365 in plasma_micromole_l,False,False,CSID24822409,,,,,,
95,4024,"pcaac320 in plasma, micromole/L",pcaac320 in plasma_micromole_l,False,False,CSID24822417,,,,,,
96,4031,"pcaac342 in plasma, micromole/L",pcaac342 in plasma_micromole_l,False,False,CSID24822448,,,,,,
97,4037,"pcaac361 in plasma, micromole/L",pcaac361 in plasma_micromole_l,False,False,CSID24822459,,,,,,
98,4042,"pcaac363 in plasma, micromole/L",pcaac363 in plasma_micromole_l,False,False,CSID24822466,,,,,,
99,4047,"pcaac380 in plasma, micromole/L",pcaac380 in plasma_micromole_l,False,False,CSID24822473,,,,,,
100,4052,"pcaac384 in plasma, micromole/L",pcaac384 in plasma_micromole_l,False,False,CSID24822488,,,,,,
101,4057,"pcaac405 in plasma, micromole/L",pcaac405 in plasma_micromole_l,False,False,CSID24822495,,,,,,
102,4062,"pcaac362 in plasma, micromole/L",pcaac362 in plasma_micromole_l,False,False,CSID24822532,,,,,,
103,4073,"pcaac344 in plasma, micromole/L",pcaac344 in plasma_micromole_l,False,False,CSID24822573,,,,,,
104,4078,"pcaac383 in plasma, micromole/L",pcaac383 in plasma_micromole_l,False,False,CSID24822578,,,,,,
105,4086,"pcaac403 in plasma, micromole/L",pcaac403 in plasma_micromole_l,False,False,CSID24822638,,,,,,
106,4091,"pcaac402 in plasma, micromole/L",pcaac402 in plasma_micromole_l,False,False,CSID24822650,,,,,,
107,4096,"pcaac386 in plasma, micromole/L",pcaac386 in plasma_micromole_l,False,False,CSID24822657,,,,,,
108,4101,"pcaac422 in plasma, micromole/L",pcaac422 in plasma_micromole_l,False,False,CSID24822678,,,,,,
109,4106,"pcaec300 in plasma, micromole/L",pcaec300 in plasma_micromole_l,False,False,CSID24822837,,,,,,
110,4111,"pcaec321 in plasma, micromole/L",pcaec321 in plasma_micromole_l,False,False,CSID24822840,,,,,,
111,4116,"pcaec361 in plasma, micromole/L",pcaec361 in plasma_micromole_l,False,False,CSID24822863,,,,,,
112,4121,"pcaec385 in plasma, micromole/L",pcaec385 in plasma_micromole_l,False,False,CSID24822871,,,,,,
113,4126,"pcaec341 in plasma, micromole/L",pcaec341 in plasma_micromole_l,False,False,CSID24822888,,,,,,
114,4138,"pcaec384 in plasma, micromole/L",pcaec384 in plasma_micromole_l,False,False,CSID24822898,,,,,,
115,4143,"pcaec405 in plasma, micromole/L",pcaec405 in plasma_micromole_l,False,False,CSID24822903,,,,,,
116,4148,"pcaec322 in plasma, micromole/L",pcaec322 in plasma_micromole_l,False,False,CSID24822939,,,,,,
117,4158,"lysopcac181 in plasma, micromole/L",lysopcac181 in plasma_micromole_l,False,False,CSID24823031,,,,,,
118,4164,"smc240 in plasma, micromole/L",smc240 in plasma_micromole_l,False,False,CSID24846875,,,,,,
119,4174,"pcaec363 in plasma, micromole/L",pcaec363 in plasma_micromole_l,False,False,CSID24958570,,,,,,
120,4180,"pcaac341 in plasma, micromole/L",pcaac341 in plasma_micromole_l,False,False,CSID4940699,,,,,,
121,4185,"pcaac364 in plasma, micromole/L",pcaac364 in plasma_micromole_l,False,False,CSID4942851,,,,,,
122,4190,"pcaac366 in plasma, micromole/L",pcaac366 in plasma_micromole_l,False,False,CSID4946694,,,,,,
123,4195,"pcaec364 in plasma, micromole/L",pcaec364 in plasma_micromole_l,False,False,CSID4947173,,,,,,
124,4199,"smc180 in plasma, micromole/L",smc180 in plasma_micromole_l,False,False,CSID4956085,,,,,,
125,4207,"pcaec365 in plasma, micromole/L",pcaec365 in plasma_micromole_l,False,False,CSID8660716,,,,,,
126,4212,"pcaec343 in plasma, micromole/L",pcaec343 in plasma_micromole_l,False,False,CSID8708435,,,,,,
127,4217,"pcaec340 in plasma, micromole/L",pcaec340 in plasma_micromole_l,False,False,CSID8756279,,,,,,
128,4238,"hexose in plasma, micromole/L",hexose in plasma_micromole_l,False,False,HEXOSES,,,,,,
129,4383,"c0 in plasma, micromole/L",c0 in plasma_micromole_l,False,False,HMDB00062,,,,,,
130,4416,Total Plasma Cholesterol mg/dL,total plasma cholesterol mg_dl,False,False,HMDB00067,,,,,,
131,4514,Glucose/Fructose/Galactose,glucose_fructose_galactose,True,False,HMDB00122,,,,,,
131,131,Glucose,glucose,True,False,HMDB00122,,,,,,
131,131,Fructose,fructose,True,False,HMDB00122,,,,,,
131,131,Galactose,galactose,True,False,HMDB00122,,,,,,
132,4532,"Glycine in plasma, micromole/L",glycine in plasma_micromole_l,False,False,HMDB00123,,,,,,
133,4603,"Glutamate in plasma, micromole/L",glutamate in plasma_micromole_l,False,False,HMDB00148_HMDB03339,,,,,,
134,4643,"Tyrosine in plasma, micromole/L",tyrosine in plasma_micromole_l,False,False,HMDB00158,,,,,,
135,4666,"Phenylalanine in plasma, micromole/L",phenylalanine in plasma_micromole_l,False,False,HMDB00159,,,,,,
136,4685,"Alanine in plasma, micromole/L",alanine in plasma_micromole_l,False,False,HMDB00161,,,,,,
137,4705,"Proline in plasma, micromole/L",proline in plasma_micromole_l,False,False,HMDB00162,,,,,,
138,4728,"Threonine in plasma, micromole/L",threonine in plasma_micromole_l,False,False,HMDB00167,,,,,,
139,4743,"Asparagine in plasma, micromole/L",asparagine in plasma_micromole_l,False,False,HMDB00168,,,,,,
140,4768,"Isoleucine in plasma, micromole/L",isoleucine in plasma_micromole_l,False,False,HMDB00172,,,,,,
141,4794,"Histidine in plasma, micromole/L",histidine in plasma_micromole_l,False,False,HMDB00177,,,,,,
142,4816,"Serine in plasma, micromole/L",serine in plasma_micromole_l,False,False,HMDB00187,,,,,,
143,4874,"c2 in plasma, micromole/L",c2 in plasma_micromole_l,False,False,HMDB00201,,,,,,
144,4986,"taurine in plasma, micromole/L",taurine in plasma_micromole_l,False,False,HMDB00251,,,,,,
145,5005,"sarcosine in plasma, micromole/L",sarcosine in plasma_micromole_l,False,False,HMDB00271,,,,,,
146,5155,Z or Z,z or z,False,False,HMDB00488,,,,4958,,
147,5179,"Arginine in plasma, micromole/L",arginine in plasma_micromole_l,False,False,HMDB00517,,,,,,
148,5194,"creatinine in plasma, micromole/L",creatinine in plasma_micromole_l,False,False,HMDB00562,,,,,,
149,5268,"Glutamine in plasma, micromole/L",glutamine in plasma_micromole_l,False,False,HMDB00641,,,,,,
150,5275,Glutamine/glutamate,glutamine_glutamate,True,False,HMDB00641_HMDB03339,,,,,,
150,150,Glutamine,glutamine,True,False,HMDB00641_HMDB03339,,,,,,
150,150,glutamate,glutamate,True,False,HMDB00641_HMDB03339,,,,,,
151,5368,"kynurenine in plasma, micromole/L",kynurenine in plasma_micromole_l,False,False,HMDB00684,,,,,,
152,5385,"Leucine in plasma, micromole/L",leucine in plasma_micromole_l,False,False,HMDB00687,,,,,,
153,5395,"Isovaleryl carnitine, 3-methylbutyryl carnitine or 2-Methylbutyryl carnitine",isovaleryl carnitine_3_methylbutyryl carnitine or 2_methylbutyryl carnitine,True,False,HMDB00688_HMDB00378,,,,,,
153,153,Isovaleryl carnitine,isovaleryl carnitine,True,False,HMDB00688_HMDB00378,,,,,,
153,153,3-methylbutyryl carnitine,3_methylbutyryl carnitine,True,False,HMDB00688_HMDB00378,,,,,,
153,153,2-Methylbutyryl carnitine,2_methylbutyryl carnitine,True,False,HMDB00688_HMDB00378,,,,,,
154,5426,"Methionine in plasma, micromole/L",methionine in plasma_micromole_l,False,False,HMDB00696,,,,,,
155,5478,"t4-OH-Pro in plasma, micromole/L",t4_oh_pro in plasma_micromole_l,False,False,HMDB00725,,,,,,
156,5592,"c3 in plasma, micromole/L",c3 in plasma_micromole_l,False,False,HMDB00824,,,,,,
157,5619,"c18 in plasma, micromole/L",c18 in plasma_micromole_l,False,False,HMDB00848,,,,,,
158,5663,"Valine in plasma, micromole/L",valine in plasma_micromole_l,False,False,HMDB00883,,,,,,
159,5703,"Citrulline in plasma, micromole/L",citrulline in plasma_micromole_l,False,False,HMDB00904,,,,,,
160,5728,"Tryptophan in plasma, micromole/L",tryptophan in plasma_micromole_l,False,False,HMDB00929,,,,,,
161,5844,linolenate (18:3n3 or 3n6),linolenate_18_3n3 or 3n6,True,False,HMDB01388_HMDB03073,,5280934,,,,
161,161,linolenate (18:3n3),linolenate_18_3n3,True,False,HMDB01388_HMDB03073,,5280934,,,,
161,161,linolenate (3n6),linolenate_3n6,True,False,HMDB01388_HMDB03073,,5280934,,,,
162,5883,"adma in plasma, micromole/L",adma in plasma_micromole_l,False,False,HMDB01539,,,,,,
163,5890,SDMA/ADMA,sdma_adma,True,False,HMDB01539_HMDB03334,,,,,,
163,163,SDMA,sdma,True,False,HMDB01539_HMDB03334,,,,,,
163,163,ADMA,adma,True,False,HMDB01539_HMDB03334,,,,,,
164,6023,Iso-/Butyrylcarnitine,iso_butyrylcarnitine,False,False,HMDB02013,,,,,,
165,6025,"c141 in plasma, micromole/L",c141 in plasma_micromole_l,False,False,HMDB02014,,,,,,
166,6087,eicosenoate (20:1n9 or 1n11),eicosenoate_20_1n9 or 1n11,True,False,HMDB02231,,5282768,,,,
166,166,eicosenoate (20:1n9),eicosenoate_20_1n9,True,False,HMDB02231,,5282768,,,,
166,166,eicosenoate (1n11),eicosenoate_1n11,True,False,HMDB02231,,5282768,,,,
167,6173,Theobromine and/or Paraxanthine,theobromine and_or paraxanthine,True,False,HMDB02825_HMDB01860,,,,,,
167,167,Theobromine,theobromine,True,False,HMDB02825_HMDB01860,,,,,,
167,167,Paraxanthine,paraxanthine,True,False,HMDB02825_HMDB01860,,,,,,
168,6191,dihomolinolenate (20:3n3 or 3n6),dihomolinolenate_20_3n3 or 3n6,True,False,HMDB02925,,5280581,,,,
168,168,dihomolinolenate (20:3n3),dihomolinolenate_20_3n3,True,False,HMDB02925,,5280581,,,,
168,168,dihomolinolenate (3n6),dihomolinolenate_3n6,True,False,HMDB02925,,5280581,,,,
169,6266,"Ornithine in plasma, micromole/L",ornithine in plasma_micromole_l,False,False,HMDB03374,,,,,,
170,6269,"Lysine in plasma, micromole/L",lysine in plasma_micromole_l,False,False,HMDB03405,,,,,,
171,6396,citalopram/escitalopram,citalopram_escitalopram,True,False,HMDB05028,,146570,,,,
171,171,citalopram,citalopram,True,False,HMDB05028,,146570,,,,
171,171,escitalopram,escitalopram,True,False,HMDB05028,,146570,,,,
172,6405,"c181 in plasma, micromole/L",c181 in plasma_micromole_l,False,False,HMDB05065,,,,,,
173,6455,Triglyceride TG(48:2) and/or TG(54:6),triglyceride tg_48_2_and_or tg_54_6,True,False,HMDB05376,,,,,,85729.0
173,173,Triglyceride TG(48:2),triglyceride tg_48_2,True,False,HMDB05376,,,,,,85729.0
173,173,TG(54:6),tg_54_6,True,False,HMDB05376,,,,,,85729.0
174,6683,"pcaac321 in plasma, micromole/L",pcaac321 in plasma_micromole_l,False,False,HMDB07873,,,,,,
175,6692,"pcaac323 in plasma, micromole/L",pcaac323 in plasma_micromole_l,False,False,HMDB07876,,,,,,
176,6718,"pcaac385 in plasma, micromole/L",pcaac385 in plasma_micromole_l,False,False,HMDB07989,,,,,,
177,6743,"pcaac404 in plasma, micromole/L",pcaac404 in plasma_micromole_l,False,False,HMDB08054,,,,,,
178,6751,"pcaac406 in plasma, micromole/L",pcaac406 in plasma_micromole_l,False,False,HMDB08057,,,,,,
179,6757,"pcaac420 in plasma, micromole/L",pcaac420 in plasma_micromole_l,False,False,HMDB08058,,,,,,
180,6766,"pcaac421 in plasma, micromole/L",pcaac421 in plasma_micromole_l,False,False,HMDB08124,,,,,,
181,6779,"pcaac425 in plasma, micromole/L",pcaac425 in plasma_micromole_l,False,False,HMDB08287,,,,,,
182,6786,"pcaac424 in plasma, micromole/L",pcaac424 in plasma_micromole_l,False,False,HMDB08573,,,,,,
183,6862,"smc160 in plasma, micromole/L",smc160 in plasma_micromole_l,False,False,HMDB10169,,,,,,
184,6905,"lysopcac160 in plasma, micromole/L",lysopcac160 in plasma_micromole_l,False,False,HMDB10382,,,,,,
185,6916,"lysopcac161 in plasma, micromole/L",lysopcac161 in plasma_micromole_l,False,False,HMDB10383,,,,,,
186,6927,"lysopcac182 in plasma, micromole/L",lysopcac182 in plasma_micromole_l,False,False,HMDB10386,,,,,,
187,6945,"lysopcac203 in plasma, micromole/L",lysopcac203 in plasma_micromole_l,False,False,HMDB10393,,,,,,
188,6959,"lysopcac204 in plasma, micromole/L",lysopcac204 in plasma_micromole_l,False,False,HMDB10396,,,,,,
189,7025,"pcaec342 in plasma, micromole/L",pcaec342 in plasma_micromole_l,False,False,HMDB11151,,,,,,
190,7065,"pcaec362 in plasma, micromole/L",pcaec362 in plasma_micromole_l,False,False,HMDB11243,,,,,,
191,7094,Phosphatidylethanolamine PE(O-38:5) and/or PE(P-38:4),phosphatidylethanolamine pe_o_38_5_and_or pe_p_38_4,True,False,HMDB11386,,,,,,
191,191,Phosphatidylethanolamine PE(O-38:5),phosphatidylethanolamine pe_o_38_5,True,False,HMDB11386,,,,,,
191,191,PE(P-38:4),pe_p_38_4,True,False,HMDB11386,,,,,,
192,7098,Phosphatidylethanolamine PE(O-38:6) and/or PE(P-38:5),phosphatidylethanolamine pe_o_38_6_and_or pe_p_38_5,True,False,HMDB11387,,,,,,
192,192,Phosphatidylethanolamine PE(O-38:6),phosphatidylethanolamine pe_o_38_6,True,False,HMDB11387,,,,,,
192,192,PE(P-38:5),pe_p_38_5,True,False,HMDB11387,,,,,,
193,7101,Phosphatidylethanolamine - PE(O-40:7) and/or PE(P-40:6),phosphatidylethanolamine_pe_o_40_7_and_or pe_p_40_6,True,False,HMDB11394,,,,,,
193,193,Phosphatidylethanolamine - PE(O-40:7),phosphatidylethanolamine_pe_o_40_7,True,False,HMDB11394,,,,,,
193,193,PE(P-40:6),pe_p_40_6,True,False,HMDB11394,,,,,,
194,7147,Monoglyceride MG(16:0) (likely a fragment of DG or TG),monoglyceride mg_16_0__likely a fragment of dg or tg,False,False,HMDB11533,,,,,,
195,7151,Monoglyceride MG(18:1) (likely a fragment of DG or TG),monoglyceride mg_18_1__likely a fragment of dg or tg,False,False,HMDB11537,,,,,,
196,7225,"smc181 in plasma, micromole/L",smc181 in plasma_micromole_l,False,False,HMDB12100,,,,,,
197,7252,"smc241 in plasma, micromole/L",smc241 in plasma_micromole_l,False,False,HMDB12107,,,,,,
198,7264,"lysopcac170 in plasma, micromole/L",lysopcac170 in plasma_micromole_l,False,False,HMDB12108,,,,,,
199,7311,Methylmalonyl carnitine or Succinyl carnitine,methylmalonyl carnitine or succinyl carnitine,True,False,HMDB13133_HMDB61717,,,,,,
199,199,Methylmalonyl carnitine,methylmalonyl carnitine,True,False,HMDB13133_HMDB61717,,,,,,
199,199,Succinyl carnitine,succinyl carnitine,True,False,HMDB13133_HMDB61717,,,,,,
200,7372,"pcaec360 in plasma, micromole/L",pcaec360 in plasma_micromole_l,False,False,HMDB13406,,,,,,
201,7377,"pcaec386 in plasma, micromole/L",pcaec386 in plasma_micromole_l,False,False,HMDB13409,,,,,,
202,7382,"pcaec302 in plasma, micromole/L",pcaec302 in plasma_micromole_l,False,False,HMDB13410,,,,,,
203,7387,"pcaec382 in plasma, micromole/L",pcaec382 in plasma_micromole_l,False,False,HMDB13431,,,,,,
204,7392,"pcaec401 in plasma, micromole/L",pcaec401 in plasma_micromole_l,False,False,HMDB13433,,,,,,
205,7397,"pcaec422 in plasma, micromole/L",pcaec422 in plasma_micromole_l,False,False,HMDB13434,,,,,,
206,7402,"pcaec402 in plasma, micromole/L",pcaec402 in plasma_micromole_l,False,False,HMDB13437,,,,,,
207,7407,"pcaec423 in plasma, micromole/L",pcaec423 in plasma_micromole_l,False,False,HMDB13438,,,,,,
208,7412,"pcaec383 in plasma, micromole/L",pcaec383 in plasma_micromole_l,False,False,HMDB13439,,,,,,
209,7417,"pcaec404 in plasma, micromole/L",pcaec404 in plasma_micromole_l,False,False,HMDB13442,,,,,,
210,7421,"pcaec421 in plasma, micromole/L",pcaec421 in plasma_micromole_l,False,False,HMDB13443,,,,,,
211,7425,"pcaec403 in plasma, micromole/L",pcaec403 in plasma_micromole_l,False,False,HMDB13445,,,,,,
212,7438,"pcaec446 in plasma, micromole/L",pcaec446 in plasma_micromole_l,False,False,HMDB13450,,,,,,
213,7443,"pcaec425 in plasma, micromole/L",pcaec425 in plasma_micromole_l,False,False,HMDB13451,,,,,,
214,7448,"pcaec445 in plasma, micromole/L",pcaec445 in plasma_micromole_l,False,False,HMDB13456,,,,,,
215,7453,"pcaec424 in plasma, micromole/L",pcaec424 in plasma_micromole_l,False,False,HMDB13458,,,,,,
216,7458,"pcaec444 in plasma, micromole/L",pcaec444 in plasma_micromole_l,False,False,HMDB13460,,,,,,
217,7469,"smohc141 in plasma, micromole/L",smohc141 in plasma_micromole_l,False,False,HMDB13462,,,,,,
218,7475,"smohc161 in plasma, micromole/L",smohc161 in plasma_micromole_l,False,False,HMDB13463,,,,,,
219,7478,"smc202 in plasma, micromole/L",smc202 in plasma_micromole_l,False,False,HMDB13465,,,,,,
220,7486,"smohc221 in plasma, micromole/L",smohc221 in plasma_micromole_l,False,False,HMDB13466,,,,,,
221,7492,"smohc222 in plasma, micromole/L",smohc222 in plasma_micromole_l,False,False,HMDB13467,,,,,,
222,7499,"smohc241 in plasma, micromole/L",smohc241 in plasma_micromole_l,False,False,HMDB13469,,,,,,
223,7605,"smc161 in plasma, micromole/L",smc161 in plasma_micromole_l,False,False,HMDB29216,,,,,,
224,7792,Phosphatidylcholine - PC(O-34:3) and/or PC(P-34:2),phosphatidylcholine_pc_o_34_3_and_or pc_p_34_2,True,False,ME056261,,,,,,
224,224,Phosphatidylcholine - PC(O-34:3),phosphatidylcholine_pc_o_34_3,True,False,ME056261,,,,,,
224,224,PC(P-34:2),pc_p_34_2,True,False,ME056261,,,,,,
225,7793,Phosphatidylcholine PC(O-36:5) and/or PC(P-36:4),phosphatidylcholine pc_o_36_5_and_or pc_p_36_4,True,False,ME056263,,,,,,
225,225,Phosphatidylcholine PC(O-36:5),phosphatidylcholine pc_o_36_5,True,False,ME056263,,,,,,
225,225,PC(P-36:4),pc_p_36_4,True,False,ME056263,,,,,,
226,7794,Phosphatidylcholine - PC(O-36:5) and/or PC(P-36:4),phosphatidylcholine_pc_o_36_5_and_or pc_p_36_4,True,False,ME056263,,,,,,
226,226,Phosphatidylcholine - PC(O-36:5),phosphatidylcholine_pc_o_36_5,True,False,ME056263,,,,,,
226,226,PC(P-36:4),pc_p_36_4,True,False,ME056263,,,,,,
227,7795,Phosphatidylcholine - PC(O-38:6) and/or PC(P-38:5),phosphatidylcholine_pc_o_38_6_and_or pc_p_38_5,True,False,ME056263,,,,,,
227,227,Phosphatidylcholine - PC(O-38:6),phosphatidylcholine_pc_o_38_6,True,False,ME056263,,,,,,
227,227,PC(P-38:5),pc_p_38_5,True,False,ME056263,,,,,,
228,7796,Phosphatidylethanolamine - PE(O-36:5) and/or PE(P-36:4),phosphatidylethanolamine_pe_o_36_5_and_or pe_p_36_4,True,False,ME056277,,,,,,
228,228,Phosphatidylethanolamine - PE(O-36:5),phosphatidylethanolamine_pe_o_36_5,True,False,ME056277,,,,,,
228,228,PE(P-36:4),pe_p_36_4,True,False,ME056277,,,,,,
229,7797,Phosphatidylethanolamine - PE(O-38:5) and/or PE(P-38:4),phosphatidylethanolamine_pe_o_38_5_and_or pe_p_38_4,True,False,ME056280_ME056456,,,,,,
229,229,Phosphatidylethanolamine - PE(O-38:5),phosphatidylethanolamine_pe_o_38_5,True,False,ME056280_ME056456,,,,,,
229,229,PE(P-38:4),pe_p_38_4,True,False,ME056280_ME056456,,,,,,
230,7798,Phosphatidylethanolamine - PE(O-38:6) and/or PE(P-38:5),phosphatidylethanolamine_pe_o_38_6_and_or pe_p_38_5,True,False,ME056281_ME056457,,,,,,
230,230,Phosphatidylethanolamine - PE(O-38:6),phosphatidylethanolamine_pe_o_38_6,True,False,ME056281_ME056457,,,,,,
230,230,PE(P-38:5),pe_p_38_5,True,False,ME056281_ME056457,,,,,,
231,7799,Sphingomyelin - SM(d40:2) d18:1/22:1 and/or d18:2/22:0 and/or d16:1/24:1,sphingomyelin_sm_d40_2_d18_1_22_1 and_or d18_2_22_0 and_or d16_1_24_1,True,False,ME056301_ME056477_HMDB12104,,,,,,72529.0
231,231,Sphingomyelin - SM(d40:2) d18:1/22:1,sphingomyelin_sm_d40_2_d18_1_22_1,True,False,ME056301_ME056477_HMDB12104,,,,,,72529.0
231,231,Sphingomyelin - SM(d40:2) d18:2/22:0,sphingomyelin_sm_d40_2_d18_2_22_0,True,False,ME056301_ME056477_HMDB12104,,,,,,72529.0
231,231,Sphingomyelin - SM(d40:2) d16:1/24:1,sphingomyelin_sm_d40_2_d16_1_24_1,True,False,ME056301_ME056477_HMDB12104,,,,,,72529.0
232,7813,Phosphatidylcholine PC(O-38:5) and/or PC(P-38:4),phosphatidylcholine pc_o_38_5_and_or pc_p_38_4,True,False,ME056445,,,,,,
232,232,Phosphatidylcholine PC(O-38:5),phosphatidylcholine pc_o_38_5,True,False,ME056445,,,,,,
232,232,PC(P-38:4),pc_p_38_4,True,False,ME056445,,,,,,
233,7816,Sphingomyelin - SM(d34:2) d18:2/16:0 and/or d18:1/16:1,sphingomyelin_sm_d34_2_d18_2_16_0 and_or d18_1_16_1,True,False,ME056469_PUBCHEM52931145,,,,,,64587.0
233,233,Sphingomyelin - SM(d34:2) d18:2/16:0,sphingomyelin_sm_d34_2_d18_2_16_0,True,False,ME056469_PUBCHEM52931145,,,,,,64587.0
233,233,Sphingomyelin - SM(d34:2) d18:1/16:1,sphingomyelin_sm_d34_2_d18_1_16_1,True,False,ME056469_PUBCHEM52931145,,,,,,64587.0
234,7819,Sphingomyelin - SM(d42:3) d18:2/24:1 and/or d18:1/24:2,sphingomyelin_sm_d42_3_d18_2_24_1 and_or d18_1_24_2,True,False,ME056483_PUBCHEM52931215,,,,,,72535.0
234,234,Sphingomyelin - SM(d42:3) d18:2/24:1,sphingomyelin_sm_d42_3_d18_2_24_1,True,False,ME056483_PUBCHEM52931215,,,,,,72535.0
234,234,Sphingomyelin - SM(d42:3) d18:1/24:2,sphingomyelin_sm_d42_3_d18_1_24_2,True,False,ME056483_PUBCHEM52931215,,,,,,72535.0
235,7856,Leucine/Isoleucine,leucine_isoleucine,True,False,METABXLEU.PTC,,,,,,
235,235,Leucine,leucine,True,False,METABXLEU.PTC,,,,,,
235,235,Isoleucine,isoleucine,True,False,METABXLEU.PTC,,,,,,
236,7857,Leucine / Isoleucine ( xLeu-PTC ),leucine_isoleucine_xleu_ptc ,True,False,METABXLEU.PTC,,,,,,
236,236,Leucine,leucine,True,False,METABXLEU.PTC,,,,,,
236,236,Isoleucine ( xLeu-PTC ),isoleucine_xleu_ptc ,True,False,METABXLEU.PTC,,,,,,
237,7894,"c16 in plasma, micromole/L",c16 in plasma_micromole_l,False,False,PUBCHEM16902,,,,,,
238,7915,"c182 in plasma, micromole/L",c182 in plasma_micromole_l,False,False,PUBCHEM51000598,,,,,,
239,8005,arabonate/xylonate,arabonate_xylonate,True,True,CHEM100006115,,122045;6602431,,,,
239,239,arabonate,arabonate,True,True,CHEM100006115,,122045;6602431,,,,
239,239,xylonate,xylonate,True,True,CHEM100006115,,122045;6602431,,,,
240,8006,arabitol/xylitol,arabitol_xylitol,True,True,CHEM100006430,,6912;94154,,,,
240,240,arabitol,arabitol,True,True,CHEM100006430,,6912;94154,,,,
240,240,xylitol,xylitol,True,True,CHEM100006430,,6912;94154,,,,
241,8007,2-hydroxybutyrate/2-hydroxyisobutyrate,2_hydroxybutyrate_2_hydroxyisobutyrate,True,True,CHEM100008928,,440864;11671,,,,
241,241,2-hydroxybutyrate,2_hydroxybutyrate,True,True,CHEM100008928,,440864;11671,,,,
241,241,2-hydroxyisobutyrate,2_hydroxyisobutyrate,True,True,CHEM100008928,,440864;11671,,,,
242,8008,oleate/vaccenate (18:1),oleate_vaccenate_18_1,True,True,CHEM100008930,,445639;5282761;5281127,,,,
242,242,oleate,oleate,True,True,CHEM100008930,,445639;5282761;5281127,,,,
242,242,vaccenate (18:1),vaccenate_18_1,True,True,CHEM100008930,,445639;5282761;5281127,,,,
243,8022,aconitate [cis or trans],aconitate_cis or trans,True,True,HMDB00072_HMDB00958,"HMDB00072,HMDB00958",,,"C00417,C02341",,
243,243,aconitate [cis],aconitate_cis,True,True,HMDB00072_HMDB00958,"HMDB00072,HMDB00958",,,"C00417,C02341",,
243,243,aconitate [trans],aconitate_trans,True,True,HMDB00072_HMDB00958,"HMDB00072,HMDB00958",,,"C00417,C02341",,
244,8074,Linolenate _alpha or gamma; (18:3n3 or 6)_,linolenate_alpha or gamma__18_3n3 or 6,True,True,HMDB01388_HMDB03073,HMDB01388;HMDB03073,5280934,,,,
244,244,Linolenate _alpha or gamma; (18:3n3) _,linolenate_alpha or gamma__18_3n3_,True,True,HMDB01388_HMDB03073,HMDB01388;HMDB03073,5280934,,,,
244,244,Linolenate _alpha or gamma; (18:3n6) _,linolenate_alpha or gamma__18_3n6_,True,True,HMDB01388_HMDB03073,HMDB01388;HMDB03073,5280934,,,,
245,8075,linolenate [alpha or gamma; (18:3n3 or 6)],linolenate_alpha or gamma__18_3n3 or 6,True,True,HMDB01388_HMDB03073,HMDB01388;HMDB03073,5280934,,,,
245,245,linolenate [alpha; (18:3n3)],linolenate_alpha__18_3n3,True,True,HMDB01388_HMDB03073,HMDB01388;HMDB03073,5280934,,,,
245,245,linolenate [gamma; (18:3n6)],linolenate_gamma__18_3n6,True,True,HMDB01388_HMDB03073,HMDB01388;HMDB03073,5280934,,,,
246,8076,linolenate [alpha or gamma; (18:3n3 or 6)],linolenate_alpha or gamma__18_3n3 or 6,True,True,HMDB01388_HMDB03073,"HMDB01388,HMDB03073",,,,,
246,246,linolenate [alpha; (18:3n3)],linolenate_alpha__18_3n3,True,True,HMDB01388_HMDB03073,"HMDB01388,HMDB03073",,,,,
246,246,linolenate [gamma; (18:3n6)],linolenate_gamma__18_3n6,True,True,HMDB01388_HMDB03073,"HMDB01388,HMDB03073",,,,,
247,8077,linolenate [alpha or gamma; (18:3n3 or 6)],linolenate_alpha or gamma__18_3n3 or 6,True,True,HMDB01388_HMDB03073,HMDB0003073,5280934,,"C06426,C06427",,
247,247,linolenate [alpha; (18:3n3)],linolenate_alpha__18_3n3,True,True,HMDB01388_HMDB03073,HMDB0003073,5280934,,"C06426,C06427",,
247,247,linolenate [gamma; (18:3n6)],linolenate_gamma__18_3n6,True,True,HMDB01388_HMDB03073,HMDB0003073,5280934,,"C06426,C06427",,
248,8091,Dihomo-linolenate (20:3n3 or n6),dihomo_linolenate_20_3n3 or n6,True,True,HMDB02925,HMDB0002925,5312529;5280581,,,,
248,248,Dihomo-linolenate (20:3n3),dihomo_linolenate_20_3n3,True,True,HMDB02925,HMDB0002925,5312529;5280581,,,,
248,248,Dihomo-linolenate (20:3n6),dihomo_linolenate_20_3n6,True,True,HMDB02925,HMDB0002925,5312529;5280581,,,,
249,8092,dihomo-linolenate (20:3n3 or n6),dihomo_linolenate_20_3n3 or n6,True,True,HMDB02925,HMDB0002925,5312529;5280581,,,,
249,249,dihomo-linolenate (20:3n3),dihomo_linolenate_20_3n3,True,True,HMDB02925,HMDB0002925,5312529;5280581,,,,
249,249,dihomo-linolenate (20:3n6),dihomo_linolenate_20_3n6,True,True,HMDB02925,HMDB0002925,5312529;5280581,,,,
