Unnamed: 0,input_hmdb_id,input_pubchem,metabolite_id,input_metabolite_name_final,original_index,contains_original,contains_derived,n_source_rows,input_metabolite_name,input_chemspider,input_kegg,input_inchikey,input_chebi,multiple_identifiers,multiple_isomers,original
1,,,HMDB01388_HMDB03073,linolenate_alpha or gamma__18_3n3 or 6,5846,True,False,,linolenate [alpha or gamma; (18:3n3 or 6)],,,,,False,True,True
1,,,HMDB01388_HMDB03073,linolenate_alpha__18_3n3,1,True,False,,linolenate [alpha; (18:3n3)],,,,,False,True,True
1,,,HMDB01388_HMDB03073,linolenate_gamma__18_3n6,1,True,False,,linolenate [gamma; (18:3n6)],,,,,False,True,True
2,,,HMDB01388_HMDB03073,linolenate_alpha or gamma__18_3n3 or 6,5847,True,False,,Linolenate [alpha or gamma; (18:3n3 or 6)],,,,,False,True,True
2,,,HMDB01388_HMDB03073,linolenate_alpha__18_3n3,2,True,False,,Linolenate [alpha; (18:3n3)],,,,,False,True,True
2,,,HMDB01388_HMDB03073,linolenate_gamma__18_3n6,2,True,False,,Linolenate [gamma; (18:3n6)],,,,,False,True,True
3,,,HMDB02925,dihomo_linolenate_20_3n3 or n6,6183,True,False,,dihomo-linolenate (20:3n3 or n6),,,,,False,True,True
3,,,HMDB02925,dihomo_linolenate_20_3n3,3,True,False,,dihomo-linolenate (20:3n3),,,,,False,True,True
3,,,HMDB02925,dihomo_linolenate_20_3n6,3,True,False,,dihomo-linolenate (20:3n6),,,,,False,True,True
4,,,HMDB02925,dihomo_linolenate_20_3n3 or n6,6184,True,False,,Dihomo-linolenate (20:3n3 or n6),,,,,False,True,True
4,,,HMDB02925,dihomo_linolenate_20_3n3,4,True,False,,Dihomo-linolenate (20:3n3),,,,,False,True,True
4,,,HMDB02925,dihomo_linolenate_20_3n6,4,True,False,,Dihomo-linolenate (20:3n6),,,,,False,True,True
5,,11671,CHEM100008928,2_hydroxybutyrate_2_hydroxyisobutyrate,8007,False,True,1.0,2-hydroxybutyrate/2-hydroxyisobutyrate,,,,,True,True,
5,,11671,CHEM100008928,2_hydroxybutyrate,5,False,True,1.0,2-hydroxybutyrate,,,,,True,True,
5,,11671,CHEM100008928,2_hydroxyisobutyrate,5,False,True,1.0,2-hydroxyisobutyrate,,,,,True,True,
6,,122045,CHEM100006115,arabonate_xylonate,8005,False,True,1.0,arabonate/xylonate,,,,,True,True,
6,,122045,CHEM100006115,arabonate,6,False,True,1.0,arabonate,,,,,True,True,
6,,122045,CHEM100006115,xylonate,6,False,True,1.0,xylonate,,,,,True,True,
7,,440864,CHEM100008928,2_hydroxybutyrate_2_hydroxyisobutyrate,8007,False,True,,2-hydroxybutyrate/2-hydroxyisobutyrate,,,,,True,True,False
7,,440864,CHEM100008928,2_hydroxybutyrate,7,False,True,,2-hydroxybutyrate,,,,,True,True,False
7,,440864,CHEM100008928,2_hydroxyisobutyrate,7,False,True,,2-hydroxyisobutyrate,,,,,True,True,False
8,,445639,CHEM100008930,oleate_vaccenate_18_1,8008,False,True,1.0,oleate/vaccenate (18:1),,,,,True,True,
8,,445639,CHEM100008930,oleate,8,False,True,1.0,oleate,,,,,True,True,
8,,445639,CHEM100008930,vaccenate_18_1,8,False,True,1.0,vaccenate (18:1),,,,,True,True,
9,,5280581,HMDB02925,dihomo_linolenate_20_3n3 or n6,6189,True,False,1.0,dihomo-linolenate (20:3n3 or n6),,,,,False,True,
9,,5280581,HMDB02925,dihomo_linolenate_20_3n3,9,True,False,1.0,dihomo-linolenate (20:3n3),,,,,False,True,
9,,5280581,HMDB02925,dihomo_linolenate_20_3n6,9,True,False,1.0,dihomo-linolenate (20:3n6),,,,,False,True,
10,,5280934,HMDB01388_HMDB03073,linolenate_alpha or gamma__18_3n3 or 6,5850|5851,True,False,2.0,linolenate [alpha or gamma; (18:3n3 or 6)],,C06427,,,False,True,
10,,5280934,HMDB01388_HMDB03073,linolenate_alpha__18_3n3,10,True,False,2.0,linolenate [alpha; (18:3n3)],,C06427,,,False,True,
10,,5280934,HMDB01388_HMDB03073,linolenate_gamma__18_3n6,10,True,False,2.0,linolenate [gamma; (18:3n6)],,C06427,,,False,True,
11,,5281127,CHEM100008930,oleate_vaccenate_18_1,8008,False,True,1.0,oleate/vaccenate (18:1),,,,,True,True,
11,,5281127,CHEM100008930,oleate,11,False,True,1.0,oleate,,,,,True,True,
11,,5281127,CHEM100008930,vaccenate_18_1,11,False,True,1.0,vaccenate (18:1),,,,,True,True,
12,,5282761,CHEM100008930,oleate_vaccenate_18_1,8008,False,True,1.0,oleate/vaccenate (18:1),,,,,True,True,
12,,5282761,CHEM100008930,oleate,12,False,True,1.0,oleate,,,,,True,True,
12,,5282761,CHEM100008930,vaccenate_18_1,12,False,True,1.0,vaccenate (18:1),,,,,True,True,
13,,6602431,CHEM100006115,arabonate_xylonate,8005,False,True,1.0,arabonate/xylonate,,,,,True,True,
13,,6602431,CHEM100006115,arabonate,13,False,True,1.0,arabonate,,,,,True,True,
13,,6602431,CHEM100006115,xylonate,13,False,True,1.0,xylonate,,,,,True,True,
14,,6912,CHEM100006430,arabitol_xylitol,8006,False,True,1.0,arabitol/xylitol,,,,,True,True,
14,,6912,CHEM100006430,arabitol,14,False,True,1.0,arabitol,,,,,True,True,
14,,6912,CHEM100006430,xylitol,14,False,True,1.0,xylitol,,,,,True,True,
15,,94154,CHEM100006430,arabitol_xylitol,8006,False,True,1.0,arabitol/xylitol,,,,,True,True,
15,,94154,CHEM100006430,arabitol,15,False,True,1.0,arabitol,,,,,True,True,
15,,94154,CHEM100006430,xylitol,15,False,True,1.0,xylitol,,,,,True,True,
16,HMDB0000072,,HMDB00072_HMDB00958,aconitate_cis or trans,8022,False,True,,aconitate [cis or trans],,C00417,,,True,True,False
16,HMDB0000072,,HMDB00072_HMDB00958,aconitate_cis,16,False,True,,aconitate [cis],,C00417,,,True,True,False
16,HMDB0000072,,HMDB00072_HMDB00958,aconitate_trans,16,False,True,,aconitate [trans],,C00417,,,True,True,False
17,HMDB0000072,,HMDB00072_HMDB00958,aconitate_cis or trans,4423,True,False,,aconitate [cis or trans],,C00417,,,False,True,True
17,HMDB0000072,,HMDB00072_HMDB00958,aconitate_cis,17,True,False,,aconitate [cis],,C00417,,,False,True,True
17,HMDB0000072,,HMDB00072_HMDB00958,aconitate_trans,17,True,False,,aconitate [trans],,C00417,,,False,True,True
18,HMDB0000215,24139,HMDB0000212_HMDB00215,n_acetylglucosamine_n_acetylgalactosamine,4254,True,False,1.0,N-acetylglucosamine/N-acetylgalactosamine,,,,,False,True,
18,HMDB0000215,24139,HMDB0000212_HMDB00215,n_acetylglucosamine,18,True,False,1.0,N-acetylglucosamine,,,,,False,True,
18,HMDB0000215,24139,HMDB0000212_HMDB00215,n_acetylgalactosamine,18,True,False,1.0,N-acetylgalactosamine,,,,,False,True,
19,HMDB0000247,5780,CHEM100001740,mannitol_sorbitol,1764,True,False,1.0,mannitol/sorbitol,440.0,C01507,,,False,True,
19,HMDB0000247,5780,CHEM100001740,mannitol,19,True,False,1.0,mannitol,440.0,C01507,,,False,True,
19,HMDB0000247,5780,CHEM100001740,sorbitol,19,True,False,1.0,sorbitol,440.0,C01507,,,False,True,
20,HMDB0000286,,HMDB00286,udp_galactose_udp_glucose,5023,True,False,1.0,UDP-galactose/UDP-glucose,,,,,False,True,
20,HMDB0000286,,HMDB00286,udp_galactose,20,True,False,1.0,UDP-galactose,,,,,False,True,
20,HMDB0000286,,HMDB00286,udp_glucose,20,True,False,1.0,UDP-glucose,,,,,False,True,
21,HMDB0000488,5799469,HMDB00488,bilirubin_e_z or z_e,5154,True,False,1.0,"bilirubin (E,Z or Z,E)*",4705847.0,,,,False,True,
21,HMDB0000488,5799469,HMDB00488,bilirubin_e_z_,21,True,False,1.0,"bilirubin (E,Z) *",4705847.0,,,,False,True,
21,HMDB0000488,5799469,HMDB00488,bilirubin_z_e_,21,True,False,1.0,"bilirubin (Z,E) *",4705847.0,,,,False,True,
22,HMDB0000626,440355,CHEM100002178,deoxycholate_chenodeoxycholate,1879,True,False,1.0,deoxycholate/chenodeoxycholate,,,,,False,True,
22,HMDB0000626,440355,CHEM100002178,deoxycholate,22,True,False,1.0,deoxycholate,,,,,False,True,
22,HMDB0000626,440355,CHEM100002178,chenodeoxycholate,22,True,False,1.0,chenodeoxycholate,,,,,False,True,
23,HMDB0000631,,HMDB00631,glycodeoxycholate_glycochenodeoxycholate,5249,True,False,1.0,glycodeoxycholate/glycochenodeoxycholate,,,,,False,True,
23,HMDB0000631,,HMDB00631,glycodeoxycholate,23,True,False,1.0,glycodeoxycholate,,,,,False,True,
23,HMDB0000631,,HMDB00631,glycochenodeoxycholate,23,True,False,1.0,glycochenodeoxycholate,,,,,False,True,
24,HMDB0000874,,HMDB00874,taurohyodeoxycholate_tauroursodeoxycholate,5640,True,False,1.0,taurohyodeoxycholate/tauroursodeoxycholate,,,,,False,True,
24,HMDB0000874,,HMDB00874,taurohyodeoxycholate,24,True,False,1.0,taurohyodeoxycholate,,,,,False,True,
24,HMDB0000874,,HMDB00874,tauroursodeoxycholate,24,True,False,1.0,tauroursodeoxycholate,,,,,False,True,
25,HMDB0000958,,HMDB00072_HMDB00958,aconitate_cis or trans,8022,False,True,,aconitate [cis or trans],,C02341,,,True,True,False
25,HMDB0000958,,HMDB00072_HMDB00958,aconitate_cis,25,False,True,,aconitate [cis],,C02341,,,True,True,False
25,HMDB0000958,,HMDB00072_HMDB00958,aconitate_trans,25,False,True,,aconitate [trans],,C02341,,,True,True,False
26,HMDB0001388,,HMDB01388_HMDB03073,linolenate_alpha or gamma__18_3n3 or 6,5849|8076,True,True,2.0,linolenate [alpha or gamma; (18:3n3 or 6)],,C06427,,,False,True,
26,HMDB0001388,,HMDB01388_HMDB03073,linolenate_alpha__18_3n3,26,True,True,2.0,linolenate [alpha; (18:3n3)],,C06427,,,False,True,
26,HMDB0001388,,HMDB01388_HMDB03073,linolenate_gamma__18_3n6,26,True,True,2.0,linolenate [gamma; (18:3n6)],,C06427,,,False,True,
27,HMDB0001388,5280934,HMDB01388_HMDB03073,linolenate_alpha or gamma__18_3n3 or 6,8074|8075,False,True,2.0,Linolenate _alpha or gamma; (18:3n3 or 6)_,,,,,True,True,
27,HMDB0001388,5280934,HMDB01388_HMDB03073,linolenate_alpha or gamma__18_3n3_,27,False,True,2.0,Linolenate _alpha or gamma; (18:3n3) _,,,,,True,True,
27,HMDB0001388,5280934,HMDB01388_HMDB03073,linolenate_alpha or gamma__18_3n6_,27,False,True,2.0,Linolenate _alpha or gamma; (18:3n6) _,,,,,True,True,
28,HMDB0001388,,HMDB01388,18_3n3 or 6,5842,True,False,1.0,(18:3n3 or 6)],,Lipid,,,False,True,
28,HMDB0001388,,HMDB01388,18_3n3_,28,True,False,1.0,(18:3n3) ],,Lipid,,,False,True,
28,HMDB0001388,,HMDB01388,18_3n6_,28,True,False,1.0,(18:3n6) ],,Lipid,,,False,True,
29,HMDB0002231,5282768,HMDB02231,eicosenoate_20_1n9 or 11,6086,True,False,1.0,eicosenoate (20:1n9 or 11),,,,,False,True,
29,HMDB0002231,5282768,HMDB02231,eicosenoate_20_1n9,29,True,False,1.0,eicosenoate (20:1n9),,,,,False,True,
29,HMDB0002231,5282768,HMDB02231,eicosenoate_20_1n11,29,True,False,1.0,eicosenoate (20:1n11),,,,,False,True,
30,HMDB0002925,,HMDB02925,dihomo_linolenate_20_3n3 or n6,6185|6190,True,False,2.0,dihomo-linolenate (20:3n3 or n6),,C03242,,,False,True,
30,HMDB0002925,,HMDB02925,dihomo_linolenate_20_3n3,30,True,False,2.0,dihomo-linolenate (20:3n3),,C03242,,,False,True,
30,HMDB0002925,,HMDB02925,dihomo_linolenate_20_3n6,30,True,False,2.0,dihomo-linolenate (20:3n6),,C03242,,,False,True,
31,HMDB0002925,5280581,HMDB02925,dihomo_linolenate_20_3n3 or n6,6182|6186|6188|8091|8092,True,True,5.0,dihomo-linolenate (20:3n3 or n6),4471954.0,C03242,,,False,True,
31,HMDB0002925,5280581,HMDB02925,dihomo_linolenate_20_3n3,31,True,True,5.0,dihomo-linolenate (20:3n3),4471954.0,C03242,,,False,True,
31,HMDB0002925,5280581,HMDB02925,dihomo_linolenate_20_3n6,31,True,True,5.0,dihomo-linolenate (20:3n6),4471954.0,C03242,,,False,True,
32,HMDB0002925,5312529,HMDB02925,dihomo_linolenate_20_3n3 or n6,6187|8091|8092,True,True,3.0,dihomo-linolenate (20:3n3 or n6),,C03242,,,False,True,
32,HMDB0002925,5312529,HMDB02925,dihomo_linolenate_20_3n3,32,True,True,3.0,dihomo-linolenate (20:3n3),,C03242,,,False,True,
32,HMDB0002925,5312529,HMDB02925,dihomo_linolenate_20_3n6,32,True,True,3.0,dihomo-linolenate (20:3n6),,C03242,,,False,True,
33,HMDB0003073,,HMDB01388_HMDB03073,linolenate_alpha or gamma__18_3n3 or 6,8076,False,True,1.0,linolenate [alpha or gamma; (18:3n3 or 6)],,,,,True,True,
33,HMDB0003073,,HMDB01388_HMDB03073,linolenate_alpha__18_3n3,33,False,True,1.0,linolenate [alpha; (18:3n3)],,,,,True,True,
33,HMDB0003073,,HMDB01388_HMDB03073,linolenate_gamma__18_3n6,33,False,True,1.0,linolenate [gamma; (18:3n6)],,,,,True,True,
34,HMDB0003073,5280934,HMDB01388_HMDB03073,linolenate_alpha or gamma__18_3n3 or 6,5845,True,False,,linolenate [alpha or gamma; (18:3n3 or 6)],,,,,False,True,True
34,HMDB0003073,5280934,HMDB01388_HMDB03073,linolenate_alpha__18_3n3,34,True,False,,linolenate [alpha; (18:3n3)],,,,,False,True,True
34,HMDB0003073,5280934,HMDB01388_HMDB03073,linolenate_gamma__18_3n6,34,True,False,,linolenate [gamma; (18:3n6)],,,,,False,True,True
35,HMDB0003073,5280934,HMDB01388_HMDB03073,linolenate_alpha or gamma__18_3n3 or 6,5848,True,False,,linolenate [alpha or gamma; (18:3n3 or 6)],4444437.0,C06426,,,False,True,True
35,HMDB0003073,5280934,HMDB01388_HMDB03073,linolenate_alpha__18_3n3,35,True,False,,linolenate [alpha; (18:3n3)],4444437.0,C06426,,,False,True,True
35,HMDB0003073,5280934,HMDB01388_HMDB03073,linolenate_gamma__18_3n6,35,True,False,,linolenate [gamma; (18:3n6)],4444437.0,C06426,,,False,True,True
36,HMDB0003073,5280934,HMDB01388_HMDB03073,linolenate_alpha or gamma__18_3n3 or 6,8074,False,True,,Linolenate _alpha or gamma; (18:3n3 or 6)_,,,,,True,True,False
36,HMDB0003073,5280934,HMDB01388_HMDB03073,linolenate_alpha or gamma__18_3n3_,36,False,True,,Linolenate _alpha or gamma; (18:3n3) _,,,,,True,True,False
36,HMDB0003073,5280934,HMDB01388_HMDB03073,linolenate_alpha or gamma__18_3n6_,36,False,True,,Linolenate _alpha or gamma; (18:3n6) _,,,,,True,True,False
37,HMDB0003073,5280934,HMDB01388_HMDB03073,linolenate_alpha or gamma__18_3n3 or 6,8075,False,True,,linolenate [alpha or gamma; (18:3n3 or 6)],,,,,True,True,False
37,HMDB0003073,5280934,HMDB01388_HMDB03073,linolenate_alpha__18_3n3,37,False,True,,linolenate [alpha; (18:3n3)],,,,,True,True,False
37,HMDB0003073,5280934,HMDB01388_HMDB03073,linolenate_gamma__18_3n6,37,False,True,,linolenate [gamma; (18:3n6)],,,,,True,True,False
38,HMDB0003073,5280934,HMDB01388_HMDB03073,linolenate_alpha or gamma__18_3n3 or 6,8077,False,True,,linolenate [alpha or gamma; (18:3n3 or 6)],,C06426,,,True,True,False
38,HMDB0003073,5280934,HMDB01388_HMDB03073,linolenate_alpha__18_3n3,38,False,True,,linolenate [alpha; (18:3n3)],,C06426,,,True,True,False
38,HMDB0003073,5280934,HMDB01388_HMDB03073,linolenate_gamma__18_3n6,38,False,True,,linolenate [gamma; (18:3n6)],,C06426,,,True,True,False
39,HMDB0003073,5280934,HMDB01388_HMDB03073,linolenate_alpha or gamma__18_3n3 or 6,8077,False,True,,linolenate [alpha or gamma; (18:3n3 or 6)],,C06427,,,True,True,False
39,HMDB0003073,5280934,HMDB01388_HMDB03073,linolenate_alpha__18_3n3,39,False,True,,linolenate [alpha; (18:3n3)],,C06427,,,True,True,False
39,HMDB0003073,5280934,HMDB01388_HMDB03073,linolenate_gamma__18_3n6,39,False,True,,linolenate [gamma; (18:3n6)],,C06427,,,True,True,False
40,HMDB0010394,,HMDB10394,1_dihomo_linolenoyl_gpc_20_3n3 or 6,6949,True,False,1.0,1-dihomo-linolenoyl-GPC (20:3n3 or 6)*,21403156.0,,,,False,True,
40,HMDB0010394,,HMDB10394,1_dihomo_linolenoyl_gpc_20_3n3_,40,True,False,1.0,1-dihomo-linolenoyl-GPC (20:3n3) *,21403156.0,,,,False,True,
40,HMDB0010394,,HMDB10394,1_dihomo_linolenoyl_gpc_20_3n6_,40,True,False,1.0,1-dihomo-linolenoyl-GPC (20:3n6) *,21403156.0,,,,False,True,
41,HMDB0037397,3083779,HMDB37397,16 or 17_methylstearate_a19_0 or i19_0,7658,True,False,1.0,(16 or 17)-methylstearate (a19:0 or i19:0),,,,,False,True,
41,HMDB0037397,3083779,HMDB37397,16__methylstearate_a19_0 or i19_0,41,True,False,1.0,(16) -methylstearate (a19:0 or i19:0),,,,,False,True,
41,HMDB0037397,3083779,HMDB37397,17__methylstearate_a19_0 or i19_0,41,True,False,1.0,(17) -methylstearate (a19:0 or i19:0),,,,,False,True,
42,,146570,HMDB05028,citalopram_escitalopram,6396,True,False,1.0,citalopram/escitalopram,,,,,False,True,
42,,146570,HMDB05028,citalopram,42,True,False,1.0,citalopram,,,,,False,True,
42,,146570,HMDB05028,escitalopram,42,True,False,1.0,escitalopram,,,,,False,True,
43,,17903417,CHEM100002945,14 or 15_methylpalmitate_a17_0 or i17_0,1902,True,False,1.0,(14 or 15)-methylpalmitate (a17:0 or i17:0),,,,,False,True,
43,,17903417,CHEM100002945,14__methylpalmitate_a17_0 or i17_0,43,True,False,1.0,(14) -methylpalmitate (a17:0 or i17:0),,,,,False,True,
43,,17903417,CHEM100002945,15__methylpalmitate_a17_0 or i17_0,43,True,False,1.0,(15) -methylpalmitate (a17:0 or i17:0),,,,,False,True,
44,,17903417,CHEM100002945,methyl palmitate_15 or 2,1906,True,False,1.0,Methyl palmitate (15 or 2),,,,,False,True,
44,,17903417,CHEM100002945,methyl palmitate,44,True,False,1.0,Methyl palmitate (15),,,,,False,True,
44,,17903417,CHEM100002945,methyl palmitate,44,True,False,1.0,Methyl palmitate (2),,,,,False,True,
45,,264,COMP40605,butyrate_isobutyrate_4_0,3119,True,False,1.0,butyrate/isobutyrate (4:0),,,,,False,True,
45,,264,COMP40605,butyrate,45,True,False,1.0,butyrate,,,,,False,True,
45,,264,COMP40605,isobutyrate_4_0,45,True,False,1.0,isobutyrate (4:0),,,,,False,True,
46,,5127902,CHEM100002015,5alpha_pregnan_3_alpha or beta_20beta_diol disulfate,1833,True,False,1.0,"5alpha-pregnan-3(alpha or beta),20beta-diol disulfate",4302261.0,,,,False,True,
46,,5127902,CHEM100002015,5alpha_pregnan_3_alpha__20beta_diol disulfate,46,True,False,1.0,"5alpha-pregnan-3 (alpha) ,20beta-diol disulfate",4302261.0,,,,False,True,
46,,5127902,CHEM100002015,5alpha_pregnan_3_beta__20beta_diol disulfate,46,True,False,1.0,"5alpha-pregnan-3 (beta) ,20beta-diol disulfate",4302261.0,,,,False,True,
47,,5280581,HMDB02925,dihomolinolenate_20_3n3 or 3n6,6191,True,False,1.0,dihomolinolenate (20:3n3 or 3n6),,,,,False,True,
47,,5280581,HMDB02925,dihomolinolenate_20_3n3,47,True,False,1.0,dihomolinolenate (20:3n3),,,,,False,True,
47,,5280581,HMDB02925,dihomolinolenate_3n6,47,True,False,1.0,dihomolinolenate (3n6),,,,,False,True,
48,,5280934,HMDB01388_HMDB03073,linolenate_18_3n3 or 3n6,5844,True,False,1.0,linolenate (18:3n3 or 3n6),,,,,False,True,
48,,5280934,HMDB01388_HMDB03073,linolenate_18_3n3,48,True,False,1.0,linolenate (18:3n3),,,,,False,True,
48,,5280934,HMDB01388_HMDB03073,linolenate_3n6,48,True,False,1.0,linolenate (3n6),,,,,False,True,
49,,5282768,HMDB02231,eicosenoate_20_1n9 or 1n11,6087,True,False,1.0,eicosenoate (20:1n9 or 1n11),,,,,False,True,
49,,5282768,HMDB02231,eicosenoate_20_1n9,49,True,False,1.0,eicosenoate (20:1n9),,,,,False,True,
49,,5282768,HMDB02231,eicosenoate_1n11,49,True,False,1.0,eicosenoate (1n11),,,,,False,True,
50,,6912,CHEM100006430,arabitol_xylitol,2194,True,False,1.0,arabitol/xylitol,,,,,False,True,
50,,6912,CHEM100006430,arabitol,50,True,False,1.0,arabitol,,,,,False,True,
50,,6912,CHEM100006430,xylitol,50,True,False,1.0,xylitol,,,,,False,True,
51,,,BIOCHEM_3HYDHEXTETCARNITINE,3_hydroxy_hexadecanoyl carnitine or tetradecanedioyl carnitine,20,True,False,1.0,3-Hydroxy-hexadecanoyl carnitine or Tetradecanedioyl carnitine,,,,,False,True,
51,,,BIOCHEM_3HYDHEXTETCARNITINE,3_hydroxy_hexadecanoyl carnitine,51,True,False,1.0,3-Hydroxy-hexadecanoyl carnitine,,,,,False,True,
51,,,BIOCHEM_3HYDHEXTETCARNITINE,tetradecanedioyl carnitine,51,True,False,1.0,Tetradecanedioyl carnitine,,,,,False,True,
52,,,BIOCHEM_3HYDROXOCTHEXCARN,3_hydroxy_octadecanoyl carnitine or hexadecanedioyl carnitine_thapsoyl carnitine,21,True,False,1.0,"3-Hydroxy-octadecanoyl carnitine or Hexadecanedioyl carnitine, thapsoyl carnitine",,,,,False,True,
52,,,BIOCHEM_3HYDROXOCTHEXCARN,3_hydroxy_octadecanoyl carnitine,52,True,False,1.0,3-Hydroxy-octadecanoyl carnitine,,,,,False,True,
52,,,BIOCHEM_3HYDROXOCTHEXCARN,hexadecanedioyl carnitine_thapsoyl carnitine,52,True,False,1.0,"Hexadecanedioyl carnitine, thapsoyl carnitine",,,,,False,True,
53,,,BIOCHEM_3HYDTETDODECARNITINE,3_hydroxy_tetradecanoyl carnitine or dodecanedioyl carnitine,23,True,False,1.0,3-Hydroxy-tetradecanoyl carnitine or Dodecanedioyl carnitine,,,,,False,True,
53,,,BIOCHEM_3HYDTETDODECARNITINE,3_hydroxy_tetradecanoyl carnitine,53,True,False,1.0,3-Hydroxy-tetradecanoyl carnitine,,,,,False,True,
53,,,BIOCHEM_3HYDTETDODECARNITINE,dodecanedioyl carnitine,53,True,False,1.0,Dodecanedioyl carnitine,,,,,False,True,
54,,,BIOCHEM_ASPARA,asparatate_asparatime,26,True,False,1.0,Asparatate/asparatime,,,,,False,True,
54,,,BIOCHEM_ASPARA,asparatate,54,True,False,1.0,Asparatate,,,,,False,True,
54,,,BIOCHEM_ASPARA,asparatime,54,True,False,1.0,asparatime,,,,,False,True,
55,,,BIOCHEM_HYDSEBCARNITINE,3_hydroxy_dodecanoyl carnitine or sebacoyl carnitine,35,True,False,1.0,3-Hydroxy-dodecanoyl carnitine or Sebacoyl carnitine,,,,,False,True,
55,,,BIOCHEM_HYDSEBCARNITINE,3_hydroxy_dodecanoyl carnitine,55,True,False,1.0,3-Hydroxy-dodecanoyl carnitine,,,,,False,True,
55,,,BIOCHEM_HYDSEBCARNITINE,sebacoyl carnitine,55,True,False,1.0,Sebacoyl carnitine,,,,,False,True,
56,,,BM00183,total plasma free cholesterol mg_dl,793,True,False,1.0,Total Plasma Free Cholesterol mg/dL,,,,,False,False,
57,,,BM00184,total plasma triglycerides mg_dl,800,True,False,1.0,Total Plasma Triglycerides mg/dL,,,,,False,False,
58,,,BM00189,tg_pg,835,True,False,1.0,TG/PG,,,,,False,True,
58,,,BM00189,tg,58,True,False,1.0,TG,,,,,False,True,
58,,,BM00189,pg,58,True,False,1.0,PG,,,,,False,True,
59,,,BM00195,apob_apoa1,858,True,False,1.0,ApoB/ApoA1,,,,,False,True,
59,,,BM00195,apob,59,True,False,1.0,ApoB,,,,,False,True,
59,,,BM00195,apoa1,59,True,False,1.0,ApoA1,,,,,False,True,
60,,,C4_DC,methylmalonyl_succinylcarnitine,1567,True,False,1.0,methylmalonyl-/succinylcarnitine,,,,,False,False,
61,,,CHEBI21949,butyryl carnitine or isobutyryl carnitine,1635,True,False,1.0,Butyryl carnitine or Isobutyryl carnitine,,,,,False,True,
61,,,CHEBI21949,butyryl carnitine,61,True,False,1.0,Butyryl carnitine,,,,,False,True,
61,,,CHEBI21949,isobutyryl carnitine,61,True,False,1.0,Isobutyryl carnitine,,,,,False,True,
62,,,CHEM100003926_HMDB02095,3_hydroxy_isovaleryl carnitine or malonyl carnitine,2022,True,False,1.0,3-Hydroxy-isovaleryl carnitine or Malonyl carnitine,,,,,False,True,
62,,,CHEM100003926_HMDB02095,3_hydroxy_isovaleryl carnitine,62,True,False,1.0,3-Hydroxy-isovaleryl carnitine,,,,,False,True,
62,,,CHEM100003926_HMDB02095,malonyl carnitine,62,True,False,1.0,Malonyl carnitine,,,,,False,True,
63,,,CHEM100005371,1_dihomo_linolenoyl_gpe_20_3n3 or 6,2083,True,False,1.0,1-dihomo-linolenoyl-GPE (20:3n3 or 6)*,,,,,False,True,
63,,,CHEM100005371,1_dihomo_linolenoyl_gpe_20_3n3_,63,True,False,1.0,1-dihomo-linolenoyl-GPE (20:3n3) *,,,,,False,True,
63,,,CHEM100005371,1_dihomo_linolenoyl_gpe_20_3n6_,63,True,False,1.0,1-dihomo-linolenoyl-GPE (20:3n6) *,,,,,False,True,
64,,,CHEM100006115,arabonate_xylonate,2132,True,False,,arabonate/xylonate,,,,,False,True,True
64,,,CHEM100006115,arabonate,64,True,False,,arabonate,,,,,False,True,True
64,,,CHEM100006115,xylonate,64,True,False,,xylonate,,,,,False,True,True
65,,,CHEM100006173,pregnanolone_allopregnanolone sulfate,2153,True,False,1.0,pregnanolone/allopregnanolone sulfate,,,,,False,True,
65,,,CHEM100006173,pregnanolone,65,True,False,1.0,pregnanolone,,,,,False,True,
65,,,CHEM100006173,allopregnanolone sulfate,65,True,False,1.0,allopregnanolone sulfate,,,,,False,True,
66,,,CHEM100006438,citraconate_glutaconate,2195,True,False,1.0,citraconate/glutaconate,,,,,False,True,
66,,,CHEM100006438,citraconate,66,True,False,1.0,citraconate,,,,,False,True,
66,,,CHEM100006438,glutaconate,66,True,False,1.0,glutaconate,,,,,False,True,
67,,,CHEM100006627_3HYDRO,3_hydroxy_decanoyl carnitine or suberoyl carnitine,2200,True,False,1.0,3-Hydroxy-decanoyl carnitine or Suberoyl carnitine,,,,,False,True,
67,,,CHEM100006627_3HYDRO,3_hydroxy_decanoyl carnitine,67,True,False,1.0,3-Hydroxy-decanoyl carnitine,,,,,False,True,
67,,,CHEM100006627_3HYDRO,suberoyl carnitine,67,True,False,1.0,Suberoyl carnitine,,,,,False,True,
68,,,CHEM100008928,2_hydroxybutyrate_2_hydroxyisobutyrate,2212,True,False,,2-hydroxybutyrate/2-hydroxyisobutyrate,,,,,False,True,True
68,,,CHEM100008928,2_hydroxybutyrate,68,True,False,,2-hydroxybutyrate,,,,,False,True,True
68,,,CHEM100008928,2_hydroxyisobutyrate,68,True,False,,2-hydroxyisobutyrate,,,,,False,True,True
69,,,CHEM100008929,2_methylcitrate_homocitrate,2213,True,False,1.0,2-methylcitrate/homocitrate,,,,,False,True,
69,,,CHEM100008929,2_methylcitrate,69,True,False,1.0,2-methylcitrate,,,,,False,True,
69,,,CHEM100008929,homocitrate,69,True,False,1.0,homocitrate,,,,,False,True,
70,,,CHEM100008930,oleate_vaccenate_18_1,2214,True,False,,oleate/vaccenate (18:1),,,,,False,True,True
70,,,CHEM100008930,oleate,70,True,False,,oleate,,,,,False,True,True
70,,,CHEM100008930,vaccenate_18_1,70,True,False,,vaccenate (18:1),,,,,False,True,True
71,,,CHEM100008985,1_palmitoyl_2_dihomo_linolenoyl_gpc_16_0_20_3n3 or 6,2224,True,False,1.0,1-palmitoyl-2-dihomo-linolenoyl-GPC (16:0/20:3n3 or 6)*,,,,,False,True,
71,,,CHEM100008985,1_palmitoyl_2_dihomo_linolenoyl_gpc_16_0_20_3n3_,71,True,False,1.0,1-palmitoyl-2-dihomo-linolenoyl-GPC (16:0/20:3n3) *,,,,,False,True,
71,,,CHEM100008985,1_palmitoyl_2_dihomo_linolenoyl_gpc_16_0_20_3n6_,71,True,False,1.0,1-palmitoyl-2-dihomo-linolenoyl-GPC (16:0/20:3n6) *,,,,,False,True,
72,,,CHEM100008998,b_and_or g_tocopherol,2227,True,False,1.0,b- and/or g-tocopherol,,,,,False,True,
72,,,CHEM100008998,b_tocopherol,72,True,False,1.0,b-tocopherol,,,,,False,True,
72,,,CHEM100008998,g_tocopherol,72,True,False,1.0,g-tocopherol,,,,,False,True,
73,,,CHEM100008998,gamma_tocopherol_beta_tocopherol,2228,True,False,1.0,gamma-tocopherol/beta-tocopherol,,,,,False,True,
73,,,CHEM100008998,gamma_tocopherol,73,True,False,1.0,gamma-tocopherol,,,,,False,True,
73,,,CHEM100008998,beta_tocopherol,73,True,False,1.0,beta-tocopherol,,,,,False,True,
74,,,CHEM100009051,1_stearoyl_2_dihomo_linolenoyl_gpc_18_0_20_3n3 or 6,2244,True,False,1.0,1-stearoyl-2-dihomo-linolenoyl-GPC (18:0/20:3n3 or 6)*,24766712.0,,,,False,True,
74,,,CHEM100009051,1_stearoyl_2_dihomo_linolenoyl_gpc_18_0_20_3n3_,74,True,False,1.0,1-stearoyl-2-dihomo-linolenoyl-GPC (18:0/20:3n3) *,24766712.0,,,,False,True,
74,,,CHEM100009051,1_stearoyl_2_dihomo_linolenoyl_gpc_18_0_20_3n6_,74,True,False,1.0,1-stearoyl-2-dihomo-linolenoyl-GPC (18:0/20:3n6) *,24766712.0,,,,False,True,
75,,,CHEM100009278,14_hdohe_17_hdohe,2280,True,False,1.0,14-HDoHE/17-HDoHE,,,,,False,True,
75,,,CHEM100009278,14_hdohe,75,True,False,1.0,14-HDoHE,,,,,False,True,
75,,,CHEM100009278,17_hdohe,75,True,False,1.0,17-HDoHE,,,,,False,True,
76,,,CHEM100009407,pimeloylcarnitine_3_methyladipoylcarnitine_c7_dc,2294,True,False,1.0,pimeloylcarnitine/3-methyladipoylcarnitine (C7-DC),,,,,False,True,
76,,,CHEM100009407,pimeloylcarnitine,76,True,False,1.0,pimeloylcarnitine,,,,,False,True,
76,,,CHEM100009407,3_methyladipoylcarnitine_c7_dc,76,True,False,1.0,3-methyladipoylcarnitine (C7-DC),,,,,False,True,
77,,,CHEM100015840,dihomo_linolenoylcarnitine_20_3n3 or 6,2372,True,False,1.0,dihomo-linolenoylcarnitine (20:3n3 or 6)*,,,,,False,True,
77,,,CHEM100015840,dihomo_linolenoylcarnitine_20_3n3_,77,True,False,1.0,dihomo-linolenoylcarnitine (20:3n3) *,,,,,False,True,
77,,,CHEM100015840,dihomo_linolenoylcarnitine_20_3n6_,77,True,False,1.0,dihomo-linolenoylcarnitine (20:3n6) *,,,,,False,True,
78,,,CHEM100015840,dihomo_linolenoylcarnitine_c20_3n3 or 6,2373,True,False,1.0,dihomo-linolenoylcarnitine (C20:3n3 or 6)*,,,,,False,True,
78,,,CHEM100015840,dihomo_linolenoylcarnitine_c20_3n3_,78,True,False,1.0,dihomo-linolenoylcarnitine (C20:3n3) *,,,,,False,True,
78,,,CHEM100015840,dihomo_linolenoylcarnitine_c20_3n6_,78,True,False,1.0,dihomo-linolenoylcarnitine (C20:3n6) *,,,,,False,True,
79,,,CHEM302_CHENO,deoxycholic_acid_chenodeoxycholic_acid,2397,True,False,1.0,Deoxycholic_acid/Chenodeoxycholic_acid,,,,,False,True,
79,,,CHEM302_CHENO,deoxycholic_acid,79,True,False,1.0,Deoxycholic_acid,,,,,False,True,
79,,,CHEM302_CHENO,chenodeoxycholic_acid,79,True,False,1.0,Chenodeoxycholic_acid,,,,,False,True,
80,,,COMP39632_47658_AC38,3_hydroxy_cis_5_octenoyl carnitine or hexenedioyl carnitine,3025,True,False,1.0,3-Hydroxy-cis-5-octenoyl carnitine or Hexenedioyl carnitine,,,,,False,True,
80,,,COMP39632_47658_AC38,3_hydroxy_cis_5_octenoyl carnitine,80,True,False,1.0,3-Hydroxy-cis-5-octenoyl carnitine,,,,,False,True,
80,,,COMP39632_47658_AC38,hexenedioyl carnitine,80,True,False,1.0,Hexenedioyl carnitine,,,,,False,True,
81,,,COMP46896,fructose 1_6_diphosphate_glucose 1_6_diphosphate_myo_inositol diphosphates_scal,3305,True,False,1.0,"fructose 1,6-diphosphate/glucose 1,6-diphosphate/myo-inositol diphosphates [scal",,,,,False,True,
81,,,COMP46896,fructose 1_6_diphosphate,81,True,False,1.0,"fructose 1,6-diphosphate",,,,,False,True,
81,,,COMP46896,glucose 1_6_diphosphate,81,True,False,1.0,"glucose 1,6-diphosphate",,,,,False,True,
81,,,COMP46896,myo_inositol diphosphates_scal,81,True,False,1.0,myo-inositol diphosphates [scal,,,,,False,True,
82,,,COMP52322,isoleucylleucine_leucylisoleucine,3445,True,False,1.0,isoleucylleucine/leucylisoleucine,,,,,False,True,
82,,,COMP52322,isoleucylleucine,82,True,False,1.0,isoleucylleucine,,,,,False,True,
82,,,COMP52322,leucylisoleucine,82,True,False,1.0,leucylisoleucine,,,,,False,True,
83,,,COMP52415,leucylphenylalanine_isoleucylphenylalanine,3446,True,False,1.0,leucylphenylalanine/isoleucylphenylalanine,,,,,False,True,
83,,,COMP52415,leucylphenylalanine,83,True,False,1.0,leucylphenylalanine,,,,,False,True,
83,,,COMP52415,isoleucylphenylalanine,83,True,False,1.0,isoleucylphenylalanine,,,,,False,True,
84,,,COMP54984,1_stearoyl_2_dihomo_linolenoyl_gpi_18_0_20_3n3 or 6,3554,True,False,1.0,1-stearoyl-2-dihomo-linolenoyl-GPI (18:0/20:3n3 or 6)*,24767699.0,,,,False,True,
84,,,COMP54984,1_stearoyl_2_dihomo_linolenoyl_gpi_18_0_20_3n3_,84,True,False,1.0,1-stearoyl-2-dihomo-linolenoyl-GPI (18:0/20:3n3) *,24767699.0,,,,False,True,
84,,,COMP54984,1_stearoyl_2_dihomo_linolenoyl_gpi_18_0_20_3n6_,84,True,False,1.0,1-stearoyl-2-dihomo-linolenoyl-GPI (18:0/20:3n6) *,24767699.0,,,,False,True,
85,,,COMP57336,1_stearoyl_2_dihomo_linolenoyl_gpe_18_0_20_3n3 or 6,3568,True,False,1.0,1-stearoyl-2-dihomo-linolenoyl-GPE (18:0/20:3n3 or 6)*,24768480.0,,,,False,True,
85,,,COMP57336,1_stearoyl_2_dihomo_linolenoyl_gpe_18_0_20_3n3_,85,True,False,1.0,1-stearoyl-2-dihomo-linolenoyl-GPE (18:0/20:3n3) *,24768480.0,,,,False,True,
85,,,COMP57336,1_stearoyl_2_dihomo_linolenoyl_gpe_18_0_20_3n6_,85,True,False,1.0,1-stearoyl-2-dihomo-linolenoyl-GPE (18:0/20:3n6) *,24768480.0,,,,False,True,
86,,,COMP61858,ribulonate_xylulonate,3610,True,False,1.0,ribulonate/xylulonate*,,,,,False,True,
86,,,COMP61858,ribulonate,86,True,False,1.0,ribulonate,,,,,False,True,
86,,,COMP61858,xylulonate,86,True,False,1.0,xylulonate*,,,,,False,True,
87,,,COMP61858,ribulonate_xylulonate_lyxonate,3611,True,False,1.0,ribulonate/xylulonate/lyxonate*,,,,,False,True,
87,,,COMP61858,ribulonate,87,True,False,1.0,ribulonate,,,,,False,True,
87,,,COMP61858,xylulonate,87,True,False,1.0,xylulonate,,,,,False,True,
87,,,COMP61858,lyxonate,87,True,False,1.0,lyxonate*,,,,,False,True,
88,,,COMP61865_3HYDROX,3_hydroxy_eicosanoyl carnitine or octadecanedioyl carnitine,3625,True,False,1.0,3-Hydroxy-eicosanoyl carnitine or Octadecanedioyl carnitine,,,,,False,True,
88,,,COMP61865_3HYDROX,3_hydroxy_eicosanoyl carnitine,88,True,False,1.0,3-Hydroxy-eicosanoyl carnitine,,,,,False,True,
88,,,COMP61865_3HYDROX,octadecanedioyl carnitine,88,True,False,1.0,Octadecanedioyl carnitine,,,,,False,True,
89,,,COMP62533,2_4 or 2_5_dimethylphenol sulfate,3762,True,False,1.0,"(2,4 or 2,5)-dimethylphenol sulfate",,,,,False,True,
89,,,COMP62533,2_4__dimethylphenol sulfate,89,True,False,1.0,"(2,4) -dimethylphenol sulfate",,,,,False,True,
89,,,COMP62533,2_5__dimethylphenol sulfate,89,True,False,1.0,"(2,5) -dimethylphenol sulfate",,,,,False,True,
90,,,COMP63436,2 or 3_decenoate_10_1n7 or n8,3940,True,False,1.0,(2 or 3)-decenoate (10:1n7 or n8),,,,,False,True,
90,,,COMP63436,2__decenoate_10_1n7 or n8,90,True,False,1.0,(2) -decenoate (10:1n7 or n8),,,,,False,True,
90,,,COMP63436,3__decenoate_10_1n7 or n8,90,True,False,1.0,(3) -decenoate (10:1n7 or n8),,,,,False,True,
91,,,COMP63688,deoxycholic acid_12 or 24_sulfate,3958,True,False,1.0,deoxycholic acid (12 or 24)-sulfate*,,,,,False,True,
91,,,COMP63688,deoxycholic acid_12__sulfate,91,True,False,1.0,deoxycholic acid (12) -sulfate*,,,,,False,True,
91,,,COMP63688,deoxycholic acid_24__sulfate,91,True,False,1.0,deoxycholic acid (24) -sulfate*,,,,,False,True,
92,,,CSID18953394,lysopcac180 in plasma_micromole_l,3976,True,False,1.0,"lysopcac180 in plasma, micromole/L",,,,,False,False,
93,,,CSID24608218,pcaec406 in plasma_micromole_l,3987,True,False,1.0,"pcaec406 in plasma, micromole/L",,,,,False,False,
94,,,CSID24822210,pcaac281 in plasma_micromole_l,3992,True,False,1.0,"pcaac281 in plasma, micromole/L",,,,,False,False,
95,,,CSID24822213,pcaac300 in plasma_micromole_l,3997,True,False,1.0,"pcaac300 in plasma, micromole/L",,,,,False,False,
96,,,CSID24822327,pcaac360 in plasma_micromole_l,4005,True,False,1.0,"pcaac360 in plasma, micromole/L",,,,,False,False,
97,,,CSID24822407,pcaac343 in plasma_micromole_l,4014,True,False,1.0,"pcaac343 in plasma, micromole/L",,,,,False,False,
98,,,CSID24822409,pcaac365 in plasma_micromole_l,4019,True,False,1.0,"pcaac365 in plasma, micromole/L",,,,,False,False,
99,,,CSID24822417,pcaac320 in plasma_micromole_l,4024,True,False,1.0,"pcaac320 in plasma, micromole/L",,,,,False,False,
100,,,CSID24822448,pcaac342 in plasma_micromole_l,4031,True,False,1.0,"pcaac342 in plasma, micromole/L",,,,,False,False,
101,,,CSID24822459,pcaac361 in plasma_micromole_l,4037,True,False,1.0,"pcaac361 in plasma, micromole/L",,,,,False,False,
102,,,CSID24822466,pcaac363 in plasma_micromole_l,4042,True,False,1.0,"pcaac363 in plasma, micromole/L",,,,,False,False,
103,,,CSID24822473,pcaac380 in plasma_micromole_l,4047,True,False,1.0,"pcaac380 in plasma, micromole/L",,,,,False,False,
104,,,CSID24822488,pcaac384 in plasma_micromole_l,4052,True,False,1.0,"pcaac384 in plasma, micromole/L",,,,,False,False,
105,,,CSID24822495,pcaac405 in plasma_micromole_l,4057,True,False,1.0,"pcaac405 in plasma, micromole/L",,,,,False,False,
106,,,CSID24822532,pcaac362 in plasma_micromole_l,4062,True,False,1.0,"pcaac362 in plasma, micromole/L",,,,,False,False,
107,,,CSID24822573,pcaac344 in plasma_micromole_l,4073,True,False,1.0,"pcaac344 in plasma, micromole/L",,,,,False,False,
108,,,CSID24822578,pcaac383 in plasma_micromole_l,4078,True,False,1.0,"pcaac383 in plasma, micromole/L",,,,,False,False,
109,,,CSID24822638,pcaac403 in plasma_micromole_l,4086,True,False,1.0,"pcaac403 in plasma, micromole/L",,,,,False,False,
110,,,CSID24822650,pcaac402 in plasma_micromole_l,4091,True,False,1.0,"pcaac402 in plasma, micromole/L",,,,,False,False,
111,,,CSID24822657,pcaac386 in plasma_micromole_l,4096,True,False,1.0,"pcaac386 in plasma, micromole/L",,,,,False,False,
112,,,CSID24822678,pcaac422 in plasma_micromole_l,4101,True,False,1.0,"pcaac422 in plasma, micromole/L",,,,,False,False,
113,,,CSID24822837,pcaec300 in plasma_micromole_l,4106,True,False,1.0,"pcaec300 in plasma, micromole/L",,,,,False,False,
114,,,CSID24822840,pcaec321 in plasma_micromole_l,4111,True,False,1.0,"pcaec321 in plasma, micromole/L",,,,,False,False,
115,,,CSID24822863,pcaec361 in plasma_micromole_l,4116,True,False,1.0,"pcaec361 in plasma, micromole/L",,,,,False,False,
116,,,CSID24822871,pcaec385 in plasma_micromole_l,4121,True,False,1.0,"pcaec385 in plasma, micromole/L",,,,,False,False,
117,,,CSID24822888,pcaec341 in plasma_micromole_l,4126,True,False,1.0,"pcaec341 in plasma, micromole/L",,,,,False,False,
118,,,CSID24822898,pcaec384 in plasma_micromole_l,4138,True,False,1.0,"pcaec384 in plasma, micromole/L",,,,,False,False,
119,,,CSID24822903,pcaec405 in plasma_micromole_l,4143,True,False,1.0,"pcaec405 in plasma, micromole/L",,,,,False,False,
120,,,CSID24822939,pcaec322 in plasma_micromole_l,4148,True,False,1.0,"pcaec322 in plasma, micromole/L",,,,,False,False,
121,,,CSID24823031,lysopcac181 in plasma_micromole_l,4158,True,False,1.0,"lysopcac181 in plasma, micromole/L",,,,,False,False,
122,,,CSID24846875,smc240 in plasma_micromole_l,4164,True,False,1.0,"smc240 in plasma, micromole/L",,,,,False,False,
123,,,CSID24958570,pcaec363 in plasma_micromole_l,4174,True,False,1.0,"pcaec363 in plasma, micromole/L",,,,,False,False,
124,,,CSID4940699,pcaac341 in plasma_micromole_l,4180,True,False,1.0,"pcaac341 in plasma, micromole/L",,,,,False,False,
125,,,CSID4942851,pcaac364 in plasma_micromole_l,4185,True,False,1.0,"pcaac364 in plasma, micromole/L",,,,,False,False,
126,,,CSID4946694,pcaac366 in plasma_micromole_l,4190,True,False,1.0,"pcaac366 in plasma, micromole/L",,,,,False,False,
127,,,CSID4947173,pcaec364 in plasma_micromole_l,4195,True,False,1.0,"pcaec364 in plasma, micromole/L",,,,,False,False,
128,,,CSID4956085,smc180 in plasma_micromole_l,4199,True,False,1.0,"smc180 in plasma, micromole/L",,,,,False,False,
129,,,CSID8660716,pcaec365 in plasma_micromole_l,4207,True,False,1.0,"pcaec365 in plasma, micromole/L",,,,,False,False,
130,,,CSID8708435,pcaec343 in plasma_micromole_l,4212,True,False,1.0,"pcaec343 in plasma, micromole/L",,,,,False,False,
131,,,CSID8756279,pcaec340 in plasma_micromole_l,4217,True,False,1.0,"pcaec340 in plasma, micromole/L",,,,,False,False,
132,,,HEXOSES,hexose in plasma_micromole_l,4238,True,False,1.0,"hexose in plasma, micromole/L",,,,,False,False,
133,,,HMDB00062,c0 in plasma_micromole_l,4383,True,False,1.0,"c0 in plasma, micromole/L",,,,,False,False,
134,,,HMDB00067,total plasma cholesterol mg_dl,4416,True,False,1.0,Total Plasma Cholesterol mg/dL,,,,,False,False,
135,,,HMDB00122,glucose_fructose_galactose,4514,True,False,1.0,Glucose/Fructose/Galactose,,,,,False,True,
135,,,HMDB00122,glucose,135,True,False,1.0,Glucose,,,,,False,True,
135,,,HMDB00122,fructose,135,True,False,1.0,Fructose,,,,,False,True,
135,,,HMDB00122,galactose,135,True,False,1.0,Galactose,,,,,False,True,
136,,,HMDB00123,glycine in plasma_micromole_l,4532,True,False,1.0,"Glycine in plasma, micromole/L",,,,,False,False,
137,,,HMDB00148_HMDB03339,glutamate in plasma_micromole_l,4603,True,False,1.0,"Glutamate in plasma, micromole/L",,,,,False,False,
138,,,HMDB00158,tyrosine in plasma_micromole_l,4643,True,False,1.0,"Tyrosine in plasma, micromole/L",,,,,False,False,
139,,,HMDB00159,phenylalanine in plasma_micromole_l,4666,True,False,1.0,"Phenylalanine in plasma, micromole/L",,,,,False,False,
140,,,HMDB00161,alanine in plasma_micromole_l,4685,True,False,1.0,"Alanine in plasma, micromole/L",,,,,False,False,
141,,,HMDB00162,proline in plasma_micromole_l,4705,True,False,1.0,"Proline in plasma, micromole/L",,,,,False,False,
142,,,HMDB00167,threonine in plasma_micromole_l,4728,True,False,1.0,"Threonine in plasma, micromole/L",,,,,False,False,
143,,,HMDB00168,asparagine in plasma_micromole_l,4743,True,False,1.0,"Asparagine in plasma, micromole/L",,,,,False,False,
144,,,HMDB00172,isoleucine in plasma_micromole_l,4768,True,False,1.0,"Isoleucine in plasma, micromole/L",,,,,False,False,
145,,,HMDB00177,histidine in plasma_micromole_l,4794,True,False,1.0,"Histidine in plasma, micromole/L",,,,,False,False,
146,,,HMDB00187,serine in plasma_micromole_l,4816,True,False,1.0,"Serine in plasma, micromole/L",,,,,False,False,
147,,,HMDB00201,c2 in plasma_micromole_l,4874,True,False,1.0,"c2 in plasma, micromole/L",,,,,False,False,
148,,,HMDB00251,taurine in plasma_micromole_l,4986,True,False,1.0,"taurine in plasma, micromole/L",,,,,False,False,
149,,,HMDB00271,sarcosine in plasma_micromole_l,5005,True,False,1.0,"sarcosine in plasma, micromole/L",,,,,False,False,
150,,,HMDB00488,z or z,5155,True,False,1.0,Z or Z,,4958,,,False,False,
151,,,HMDB00517,arginine in plasma_micromole_l,5179,True,False,1.0,"Arginine in plasma, micromole/L",,,,,False,False,
152,,,HMDB00562,creatinine in plasma_micromole_l,5194,True,False,1.0,"creatinine in plasma, micromole/L",,,,,False,False,
153,,,HMDB00641,glutamine in plasma_micromole_l,5268,True,False,1.0,"Glutamine in plasma, micromole/L",,,,,False,False,
154,,,HMDB00641_HMDB03339,glutamine_glutamate,5275,True,False,1.0,Glutamine/glutamate,,,,,False,True,
154,,,HMDB00641_HMDB03339,glutamine,154,True,False,1.0,Glutamine,,,,,False,True,
154,,,HMDB00641_HMDB03339,glutamate,154,True,False,1.0,glutamate,,,,,False,True,
155,,,HMDB00684,kynurenine in plasma_micromole_l,5368,True,False,1.0,"kynurenine in plasma, micromole/L",,,,,False,False,
156,,,HMDB00687,leucine in plasma_micromole_l,5385,True,False,1.0,"Leucine in plasma, micromole/L",,,,,False,False,
157,,,HMDB00688_HMDB00378,isovaleryl carnitine_3_methylbutyryl carnitine or 2_methylbutyryl carnitine,5395,True,False,1.0,"Isovaleryl carnitine, 3-methylbutyryl carnitine or 2-Methylbutyryl carnitine",,,,,False,True,
157,,,HMDB00688_HMDB00378,isovaleryl carnitine,157,True,False,1.0,Isovaleryl carnitine,,,,,False,True,
157,,,HMDB00688_HMDB00378,3_methylbutyryl carnitine,157,True,False,1.0,3-methylbutyryl carnitine,,,,,False,True,
157,,,HMDB00688_HMDB00378,2_methylbutyryl carnitine,157,True,False,1.0,2-Methylbutyryl carnitine,,,,,False,True,
158,,,HMDB00696,methionine in plasma_micromole_l,5426,True,False,1.0,"Methionine in plasma, micromole/L",,,,,False,False,
159,,,HMDB00725,t4_oh_pro in plasma_micromole_l,5478,True,False,1.0,"t4-OH-Pro in plasma, micromole/L",,,,,False,False,
160,,,HMDB00824,c3 in plasma_micromole_l,5592,True,False,1.0,"c3 in plasma, micromole/L",,,,,False,False,
161,,,HMDB00848,c18 in plasma_micromole_l,5619,True,False,1.0,"c18 in plasma, micromole/L",,,,,False,False,
162,,,HMDB00883,valine in plasma_micromole_l,5663,True,False,1.0,"Valine in plasma, micromole/L",,,,,False,False,
163,,,HMDB00904,citrulline in plasma_micromole_l,5703,True,False,1.0,"Citrulline in plasma, micromole/L",,,,,False,False,
164,,,HMDB00929,tryptophan in plasma_micromole_l,5728,True,False,1.0,"Tryptophan in plasma, micromole/L",,,,,False,False,
165,,,HMDB01539,adma in plasma_micromole_l,5883,True,False,1.0,"adma in plasma, micromole/L",,,,,False,False,
166,,,HMDB01539_HMDB03334,sdma_adma,5890,True,False,1.0,SDMA/ADMA,,,,,False,True,
166,,,HMDB01539_HMDB03334,sdma,166,True,False,1.0,SDMA,,,,,False,True,
166,,,HMDB01539_HMDB03334,adma,166,True,False,1.0,ADMA,,,,,False,True,
167,,,HMDB02013,iso_butyrylcarnitine,6023,True,False,1.0,Iso-/Butyrylcarnitine,,,,,False,False,
168,,,HMDB02014,c141 in plasma_micromole_l,6025,True,False,1.0,"c141 in plasma, micromole/L",,,,,False,False,
169,,,HMDB02825_HMDB01860,theobromine and_or paraxanthine,6173,True,False,1.0,Theobromine and/or Paraxanthine,,,,,False,True,
169,,,HMDB02825_HMDB01860,theobromine,169,True,False,1.0,Theobromine,,,,,False,True,
169,,,HMDB02825_HMDB01860,paraxanthine,169,True,False,1.0,Paraxanthine,,,,,False,True,
170,,,HMDB03374,ornithine in plasma_micromole_l,6266,True,False,1.0,"Ornithine in plasma, micromole/L",,,,,False,False,
171,,,HMDB03405,lysine in plasma_micromole_l,6269,True,False,1.0,"Lysine in plasma, micromole/L",,,,,False,False,
172,,,HMDB05065,c181 in plasma_micromole_l,6405,True,False,1.0,"c181 in plasma, micromole/L",,,,,False,False,
173,,,HMDB05376,triglyceride tg_48_2_and_or tg_54_6,6455,True,False,1.0,Triglyceride TG(48:2) and/or TG(54:6),,,,85729.0,False,True,
173,,,HMDB05376,triglyceride tg_48_2,173,True,False,1.0,Triglyceride TG(48:2),,,,85729.0,False,True,
173,,,HMDB05376,tg_54_6,173,True,False,1.0,TG(54:6),,,,85729.0,False,True,
174,,,HMDB07873,pcaac321 in plasma_micromole_l,6683,True,False,1.0,"pcaac321 in plasma, micromole/L",,,,,False,False,
175,,,HMDB07876,pcaac323 in plasma_micromole_l,6692,True,False,1.0,"pcaac323 in plasma, micromole/L",,,,,False,False,
176,,,HMDB07989,pcaac385 in plasma_micromole_l,6718,True,False,1.0,"pcaac385 in plasma, micromole/L",,,,,False,False,
177,,,HMDB08054,pcaac404 in plasma_micromole_l,6743,True,False,1.0,"pcaac404 in plasma, micromole/L",,,,,False,False,
178,,,HMDB08057,pcaac406 in plasma_micromole_l,6751,True,False,1.0,"pcaac406 in plasma, micromole/L",,,,,False,False,
179,,,HMDB08058,pcaac420 in plasma_micromole_l,6757,True,False,1.0,"pcaac420 in plasma, micromole/L",,,,,False,False,
180,,,HMDB08124,pcaac421 in plasma_micromole_l,6766,True,False,1.0,"pcaac421 in plasma, micromole/L",,,,,False,False,
181,,,HMDB08287,pcaac425 in plasma_micromole_l,6779,True,False,1.0,"pcaac425 in plasma, micromole/L",,,,,False,False,
182,,,HMDB08573,pcaac424 in plasma_micromole_l,6786,True,False,1.0,"pcaac424 in plasma, micromole/L",,,,,False,False,
183,,,HMDB10169,smc160 in plasma_micromole_l,6862,True,False,1.0,"smc160 in plasma, micromole/L",,,,,False,False,
184,,,HMDB10382,lysopcac160 in plasma_micromole_l,6905,True,False,1.0,"lysopcac160 in plasma, micromole/L",,,,,False,False,
185,,,HMDB10383,lysopcac161 in plasma_micromole_l,6916,True,False,1.0,"lysopcac161 in plasma, micromole/L",,,,,False,False,
186,,,HMDB10386,lysopcac182 in plasma_micromole_l,6927,True,False,1.0,"lysopcac182 in plasma, micromole/L",,,,,False,False,
187,,,HMDB10393,lysopcac203 in plasma_micromole_l,6945,True,False,1.0,"lysopcac203 in plasma, micromole/L",,,,,False,False,
188,,,HMDB10396,lysopcac204 in plasma_micromole_l,6959,True,False,1.0,"lysopcac204 in plasma, micromole/L",,,,,False,False,
189,,,HMDB11151,pcaec342 in plasma_micromole_l,7025,True,False,1.0,"pcaec342 in plasma, micromole/L",,,,,False,False,
190,,,HMDB11243,pcaec362 in plasma_micromole_l,7065,True,False,1.0,"pcaec362 in plasma, micromole/L",,,,,False,False,
191,,,HMDB11386,phosphatidylethanolamine pe_o_38_5_and_or pe_p_38_4,7094,True,False,1.0,Phosphatidylethanolamine PE(O-38:5) and/or PE(P-38:4),,,,,False,True,
191,,,HMDB11386,phosphatidylethanolamine pe_o_38_5,191,True,False,1.0,Phosphatidylethanolamine PE(O-38:5),,,,,False,True,
191,,,HMDB11386,pe_p_38_4,191,True,False,1.0,PE(P-38:4),,,,,False,True,
192,,,HMDB11387,phosphatidylethanolamine pe_o_38_6_and_or pe_p_38_5,7098,True,False,1.0,Phosphatidylethanolamine PE(O-38:6) and/or PE(P-38:5),,,,,False,True,
192,,,HMDB11387,phosphatidylethanolamine pe_o_38_6,192,True,False,1.0,Phosphatidylethanolamine PE(O-38:6),,,,,False,True,
192,,,HMDB11387,pe_p_38_5,192,True,False,1.0,PE(P-38:5),,,,,False,True,
193,,,HMDB11394,phosphatidylethanolamine_pe_o_40_7_and_or pe_p_40_6,7101,True,False,1.0,Phosphatidylethanolamine - PE(O-40:7) and/or PE(P-40:6),,,,,False,True,
193,,,HMDB11394,phosphatidylethanolamine_pe_o_40_7,193,True,False,1.0,Phosphatidylethanolamine - PE(O-40:7),,,,,False,True,
193,,,HMDB11394,pe_p_40_6,193,True,False,1.0,PE(P-40:6),,,,,False,True,
194,,,HMDB11533,monoglyceride mg_16_0__likely a fragment of dg or tg,7147,True,False,1.0,Monoglyceride MG(16:0) (likely a fragment of DG or TG),,,,,False,False,
195,,,HMDB11537,monoglyceride mg_18_1__likely a fragment of dg or tg,7151,True,False,1.0,Monoglyceride MG(18:1) (likely a fragment of DG or TG),,,,,False,False,
196,,,HMDB12100,smc181 in plasma_micromole_l,7225,True,False,1.0,"smc181 in plasma, micromole/L",,,,,False,False,
197,,,HMDB12107,smc241 in plasma_micromole_l,7252,True,False,1.0,"smc241 in plasma, micromole/L",,,,,False,False,
198,,,HMDB12108,lysopcac170 in plasma_micromole_l,7264,True,False,1.0,"lysopcac170 in plasma, micromole/L",,,,,False,False,
199,,,HMDB13133_HMDB61717,methylmalonyl carnitine or succinyl carnitine,7311,True,False,1.0,Methylmalonyl carnitine or Succinyl carnitine,,,,,False,True,
199,,,HMDB13133_HMDB61717,methylmalonyl carnitine,199,True,False,1.0,Methylmalonyl carnitine,,,,,False,True,
199,,,HMDB13133_HMDB61717,succinyl carnitine,199,True,False,1.0,Succinyl carnitine,,,,,False,True,
200,,,HMDB13406,pcaec360 in plasma_micromole_l,7372,True,False,1.0,"pcaec360 in plasma, micromole/L",,,,,False,False,
201,,,HMDB13409,pcaec386 in plasma_micromole_l,7377,True,False,1.0,"pcaec386 in plasma, micromole/L",,,,,False,False,
202,,,HMDB13410,pcaec302 in plasma_micromole_l,7382,True,False,1.0,"pcaec302 in plasma, micromole/L",,,,,False,False,
203,,,HMDB13431,pcaec382 in plasma_micromole_l,7387,True,False,1.0,"pcaec382 in plasma, micromole/L",,,,,False,False,
204,,,HMDB13433,pcaec401 in plasma_micromole_l,7392,True,False,1.0,"pcaec401 in plasma, micromole/L",,,,,False,False,
205,,,HMDB13434,pcaec422 in plasma_micromole_l,7397,True,False,1.0,"pcaec422 in plasma, micromole/L",,,,,False,False,
206,,,HMDB13437,pcaec402 in plasma_micromole_l,7402,True,False,1.0,"pcaec402 in plasma, micromole/L",,,,,False,False,
207,,,HMDB13438,pcaec423 in plasma_micromole_l,7407,True,False,1.0,"pcaec423 in plasma, micromole/L",,,,,False,False,
208,,,HMDB13439,pcaec383 in plasma_micromole_l,7412,True,False,1.0,"pcaec383 in plasma, micromole/L",,,,,False,False,
209,,,HMDB13442,pcaec404 in plasma_micromole_l,7417,True,False,1.0,"pcaec404 in plasma, micromole/L",,,,,False,False,
210,,,HMDB13443,pcaec421 in plasma_micromole_l,7421,True,False,1.0,"pcaec421 in plasma, micromole/L",,,,,False,False,
211,,,HMDB13445,pcaec403 in plasma_micromole_l,7425,True,False,1.0,"pcaec403 in plasma, micromole/L",,,,,False,False,
212,,,HMDB13450,pcaec446 in plasma_micromole_l,7438,True,False,1.0,"pcaec446 in plasma, micromole/L",,,,,False,False,
213,,,HMDB13451,pcaec425 in plasma_micromole_l,7443,True,False,1.0,"pcaec425 in plasma, micromole/L",,,,,False,False,
214,,,HMDB13456,pcaec445 in plasma_micromole_l,7448,True,False,1.0,"pcaec445 in plasma, micromole/L",,,,,False,False,
215,,,HMDB13458,pcaec424 in plasma_micromole_l,7453,True,False,1.0,"pcaec424 in plasma, micromole/L",,,,,False,False,
216,,,HMDB13460,pcaec444 in plasma_micromole_l,7458,True,False,1.0,"pcaec444 in plasma, micromole/L",,,,,False,False,
217,,,HMDB13462,smohc141 in plasma_micromole_l,7469,True,False,1.0,"smohc141 in plasma, micromole/L",,,,,False,False,
218,,,HMDB13463,smohc161 in plasma_micromole_l,7475,True,False,1.0,"smohc161 in plasma, micromole/L",,,,,False,False,
219,,,HMDB13465,smc202 in plasma_micromole_l,7478,True,False,1.0,"smc202 in plasma, micromole/L",,,,,False,False,
220,,,HMDB13466,smohc221 in plasma_micromole_l,7486,True,False,1.0,"smohc221 in plasma, micromole/L",,,,,False,False,
221,,,HMDB13467,smohc222 in plasma_micromole_l,7492,True,False,1.0,"smohc222 in plasma, micromole/L",,,,,False,False,
222,,,HMDB13469,smohc241 in plasma_micromole_l,7499,True,False,1.0,"smohc241 in plasma, micromole/L",,,,,False,False,
223,,,HMDB29216,smc161 in plasma_micromole_l,7605,True,False,1.0,"smc161 in plasma, micromole/L",,,,,False,False,
224,,,ME056261,phosphatidylcholine_pc_o_34_3_and_or pc_p_34_2,7792,True,False,1.0,Phosphatidylcholine - PC(O-34:3) and/or PC(P-34:2),,,,,False,True,
224,,,ME056261,phosphatidylcholine_pc_o_34_3,224,True,False,1.0,Phosphatidylcholine - PC(O-34:3),,,,,False,True,
224,,,ME056261,pc_p_34_2,224,True,False,1.0,PC(P-34:2),,,,,False,True,
225,,,ME056263,phosphatidylcholine pc_o_36_5_and_or pc_p_36_4,7793,True,False,1.0,Phosphatidylcholine PC(O-36:5) and/or PC(P-36:4),,,,,False,True,
225,,,ME056263,phosphatidylcholine pc_o_36_5,225,True,False,1.0,Phosphatidylcholine PC(O-36:5),,,,,False,True,
225,,,ME056263,pc_p_36_4,225,True,False,1.0,PC(P-36:4),,,,,False,True,
226,,,ME056263,phosphatidylcholine_pc_o_36_5_and_or pc_p_36_4,7794,True,False,1.0,Phosphatidylcholine - PC(O-36:5) and/or PC(P-36:4),,,,,False,True,
226,,,ME056263,phosphatidylcholine_pc_o_36_5,226,True,False,1.0,Phosphatidylcholine - PC(O-36:5),,,,,False,True,
226,,,ME056263,pc_p_36_4,226,True,False,1.0,PC(P-36:4),,,,,False,True,
227,,,ME056263,phosphatidylcholine_pc_o_38_6_and_or pc_p_38_5,7795,True,False,1.0,Phosphatidylcholine - PC(O-38:6) and/or PC(P-38:5),,,,,False,True,
227,,,ME056263,phosphatidylcholine_pc_o_38_6,227,True,False,1.0,Phosphatidylcholine - PC(O-38:6),,,,,False,True,
227,,,ME056263,pc_p_38_5,227,True,False,1.0,PC(P-38:5),,,,,False,True,
228,,,ME056277,phosphatidylethanolamine_pe_o_36_5_and_or pe_p_36_4,7796,True,False,1.0,Phosphatidylethanolamine - PE(O-36:5) and/or PE(P-36:4),,,,,False,True,
228,,,ME056277,phosphatidylethanolamine_pe_o_36_5,228,True,False,1.0,Phosphatidylethanolamine - PE(O-36:5),,,,,False,True,
228,,,ME056277,pe_p_36_4,228,True,False,1.0,PE(P-36:4),,,,,False,True,
229,,,ME056280_ME056456,phosphatidylethanolamine_pe_o_38_5_and_or pe_p_38_4,7797,True,False,1.0,Phosphatidylethanolamine - PE(O-38:5) and/or PE(P-38:4),,,,,False,True,
229,,,ME056280_ME056456,phosphatidylethanolamine_pe_o_38_5,229,True,False,1.0,Phosphatidylethanolamine - PE(O-38:5),,,,,False,True,
229,,,ME056280_ME056456,pe_p_38_4,229,True,False,1.0,PE(P-38:4),,,,,False,True,
230,,,ME056281_ME056457,phosphatidylethanolamine_pe_o_38_6_and_or pe_p_38_5,7798,True,False,1.0,Phosphatidylethanolamine - PE(O-38:6) and/or PE(P-38:5),,,,,False,True,
230,,,ME056281_ME056457,phosphatidylethanolamine_pe_o_38_6,230,True,False,1.0,Phosphatidylethanolamine - PE(O-38:6),,,,,False,True,
230,,,ME056281_ME056457,pe_p_38_5,230,True,False,1.0,PE(P-38:5),,,,,False,True,
231,,,ME056301_ME056477_HMDB12104,sphingomyelin_sm_d40_2_d18_1_22_1 and_or d18_2_22_0 and_or d16_1_24_1,7799,True,False,1.0,Sphingomyelin - SM(d40:2) d18:1/22:1 and/or d18:2/22:0 and/or d16:1/24:1,,,,72529.0,False,True,
231,,,ME056301_ME056477_HMDB12104,sphingomyelin_sm_d40_2_d18_1_22_1,231,True,False,1.0,Sphingomyelin - SM(d40:2) d18:1/22:1,,,,72529.0,False,True,
231,,,ME056301_ME056477_HMDB12104,sphingomyelin_sm_d40_2_d18_2_22_0,231,True,False,1.0,Sphingomyelin - SM(d40:2) d18:2/22:0,,,,72529.0,False,True,
231,,,ME056301_ME056477_HMDB12104,sphingomyelin_sm_d40_2_d16_1_24_1,231,True,False,1.0,Sphingomyelin - SM(d40:2) d16:1/24:1,,,,72529.0,False,True,
232,,,ME056445,phosphatidylcholine pc_o_38_5_and_or pc_p_38_4,7813,True,False,1.0,Phosphatidylcholine PC(O-38:5) and/or PC(P-38:4),,,,,False,True,
232,,,ME056445,phosphatidylcholine pc_o_38_5,232,True,False,1.0,Phosphatidylcholine PC(O-38:5),,,,,False,True,
232,,,ME056445,pc_p_38_4,232,True,False,1.0,PC(P-38:4),,,,,False,True,
233,,,ME056469_PUBCHEM52931145,sphingomyelin_sm_d34_2_d18_2_16_0 and_or d18_1_16_1,7816,True,False,1.0,Sphingomyelin - SM(d34:2) d18:2/16:0 and/or d18:1/16:1,,,,64587.0,False,True,
233,,,ME056469_PUBCHEM52931145,sphingomyelin_sm_d34_2_d18_2_16_0,233,True,False,1.0,Sphingomyelin - SM(d34:2) d18:2/16:0,,,,64587.0,False,True,
233,,,ME056469_PUBCHEM52931145,sphingomyelin_sm_d34_2_d18_1_16_1,233,True,False,1.0,Sphingomyelin - SM(d34:2) d18:1/16:1,,,,64587.0,False,True,
234,,,ME056483_PUBCHEM52931215,sphingomyelin_sm_d42_3_d18_2_24_1 and_or d18_1_24_2,7819,True,False,1.0,Sphingomyelin - SM(d42:3) d18:2/24:1 and/or d18:1/24:2,,,,72535.0,False,True,
234,,,ME056483_PUBCHEM52931215,sphingomyelin_sm_d42_3_d18_2_24_1,234,True,False,1.0,Sphingomyelin - SM(d42:3) d18:2/24:1,,,,72535.0,False,True,
234,,,ME056483_PUBCHEM52931215,sphingomyelin_sm_d42_3_d18_1_24_2,234,True,False,1.0,Sphingomyelin - SM(d42:3) d18:1/24:2,,,,72535.0,False,True,
235,,,METABXLEU.PTC,leucine_isoleucine,7856,True,False,1.0,Leucine/Isoleucine,,,,,False,True,
235,,,METABXLEU.PTC,leucine,235,True,False,1.0,Leucine,,,,,False,True,
235,,,METABXLEU.PTC,isoleucine,235,True,False,1.0,Isoleucine,,,,,False,True,
236,,,METABXLEU.PTC,leucine_isoleucine_xleu_ptc ,7857,True,False,1.0,Leucine / Isoleucine ( xLeu-PTC ),,,,,False,True,
236,,,METABXLEU.PTC,leucine,236,True,False,1.0,Leucine,,,,,False,True,
236,,,METABXLEU.PTC,isoleucine_xleu_ptc ,236,True,False,1.0,Isoleucine ( xLeu-PTC ),,,,,False,True,
237,,,PUBCHEM16902,c16 in plasma_micromole_l,7894,True,False,1.0,"c16 in plasma, micromole/L",,,,,False,False,
238,,,PUBCHEM51000598,c182 in plasma_micromole_l,7915,True,False,1.0,"c182 in plasma, micromole/L",,,,,False,False,
239,,122045;6602431,CHEM100006115,arabonate_xylonate,8005,True,False,,arabonate/xylonate,,,,,True,True,True
239,,122045;6602431,CHEM100006115,arabonate,239,True,False,,arabonate,,,,,True,True,True
239,,122045;6602431,CHEM100006115,xylonate,239,True,False,,xylonate,,,,,True,True,True
240,,6912;94154,CHEM100006430,arabitol_xylitol,8006,True,False,,arabitol/xylitol,,,,,True,True,True
240,,6912;94154,CHEM100006430,arabitol,240,True,False,,arabitol,,,,,True,True,True
240,,6912;94154,CHEM100006430,xylitol,240,True,False,,xylitol,,,,,True,True,True
241,,440864;11671,CHEM100008928,2_hydroxybutyrate_2_hydroxyisobutyrate,8007,True,False,,2-hydroxybutyrate/2-hydroxyisobutyrate,,,,,True,True,True
241,,440864;11671,CHEM100008928,2_hydroxybutyrate,241,True,False,,2-hydroxybutyrate,,,,,True,True,True
241,,440864;11671,CHEM100008928,2_hydroxyisobutyrate,241,True,False,,2-hydroxyisobutyrate,,,,,True,True,True
242,,445639;5282761;5281127,CHEM100008930,oleate_vaccenate_18_1,8008,True,False,,oleate/vaccenate (18:1),,,,,True,True,True
242,,445639;5282761;5281127,CHEM100008930,oleate,242,True,False,,oleate,,,,,True,True,True
242,,445639;5282761;5281127,CHEM100008930,vaccenate_18_1,242,True,False,,vaccenate (18:1),,,,,True,True,True
243,"HMDB00072,HMDB00958",,HMDB00072_HMDB00958,aconitate_cis or trans,8022,False,True,,aconitate [cis or trans],,"C00417,C02341",,,True,True,False
243,"HMDB00072,HMDB00958",,HMDB00072_HMDB00958,aconitate_cis,243,False,True,,aconitate [cis],,"C00417,C02341",,,True,True,False
243,"HMDB00072,HMDB00958",,HMDB00072_HMDB00958,aconitate_trans,243,False,True,,aconitate [trans],,"C00417,C02341",,,True,True,False
244,HMDB01388;HMDB03073,5280934,HMDB01388_HMDB03073,linolenate_alpha or gamma__18_3n3 or 6,8074,True,False,,Linolenate _alpha or gamma; (18:3n3 or 6)_,,,,,True,True,True
244,HMDB01388;HMDB03073,5280934,HMDB01388_HMDB03073,linolenate_alpha or gamma__18_3n3_,244,True,False,,Linolenate _alpha or gamma; (18:3n3) _,,,,,True,True,True
244,HMDB01388;HMDB03073,5280934,HMDB01388_HMDB03073,linolenate_alpha or gamma__18_3n6_,244,True,False,,Linolenate _alpha or gamma; (18:3n6) _,,,,,True,True,True
245,HMDB01388;HMDB03073,5280934,HMDB01388_HMDB03073,linolenate_alpha or gamma__18_3n3 or 6,8075,True,False,,linolenate [alpha or gamma; (18:3n3 or 6)],,,,,True,True,True
245,HMDB01388;HMDB03073,5280934,HMDB01388_HMDB03073,linolenate_alpha__18_3n3,245,True,False,,linolenate [alpha; (18:3n3)],,,,,True,True,True
245,HMDB01388;HMDB03073,5280934,HMDB01388_HMDB03073,linolenate_gamma__18_3n6,245,True,False,,linolenate [gamma; (18:3n6)],,,,,True,True,True
246,"HMDB01388,HMDB03073",,HMDB01388_HMDB03073,linolenate_alpha or gamma__18_3n3 or 6,8076,True,False,,linolenate [alpha or gamma; (18:3n3 or 6)],,,,,True,True,True
246,"HMDB01388,HMDB03073",,HMDB01388_HMDB03073,linolenate_alpha__18_3n3,246,True,False,,linolenate [alpha; (18:3n3)],,,,,True,True,True
246,"HMDB01388,HMDB03073",,HMDB01388_HMDB03073,linolenate_gamma__18_3n6,246,True,False,,linolenate [gamma; (18:3n6)],,,,,True,True,True
247,HMDB0003073,5280934,HMDB01388_HMDB03073,linolenate_alpha or gamma__18_3n3 or 6,8077,True,False,,linolenate [alpha or gamma; (18:3n3 or 6)],,"C06426,C06427",,,True,True,True
247,HMDB0003073,5280934,HMDB01388_HMDB03073,linolenate_alpha__18_3n3,247,True,False,,linolenate [alpha; (18:3n3)],,"C06426,C06427",,,True,True,True
247,HMDB0003073,5280934,HMDB01388_HMDB03073,linolenate_gamma__18_3n6,247,True,False,,linolenate [gamma; (18:3n6)],,"C06426,C06427",,,True,True,True
248,HMDB0002925,5312529;5280581,HMDB02925,dihomo_linolenate_20_3n3 or n6,8091,True,False,,Dihomo-linolenate (20:3n3 or n6),,,,,True,True,True
248,HMDB0002925,5312529;5280581,HMDB02925,dihomo_linolenate_20_3n3,248,True,False,,Dihomo-linolenate (20:3n3),,,,,True,True,True
248,HMDB0002925,5312529;5280581,HMDB02925,dihomo_linolenate_20_3n6,248,True,False,,Dihomo-linolenate (20:3n6),,,,,True,True,True
249,HMDB0002925,5312529;5280581,HMDB02925,dihomo_linolenate_20_3n3 or n6,8092,True,False,,dihomo-linolenate (20:3n3 or n6),,,,,True,True,True
249,HMDB0002925,5312529;5280581,HMDB02925,dihomo_linolenate_20_3n3,249,True,False,,dihomo-linolenate (20:3n3),,,,,True,True,True
249,HMDB0002925,5312529;5280581,HMDB02925,dihomo_linolenate_20_3n6,249,True,False,,dihomo-linolenate (20:3n6),,,,,True,True,True
