"uid_01","hmdb_id","biochemical"
"CHEM100003425#HMDB34174","#HMDB0034174","Cis-urocanate#(E)-Urocanic acid"
"CHEM100002945#COMP38295","#","Methyl palmitate (15 or 2) or 15-methylpalmitate (isobar with 2-methylpalmitate)#15-methylpalmitate"
"HMDB00452#HMDB00650","HMDB0000452#HMDB0000650","L-Alpha-aminobutyric acid#D-Alpha-aminobutyric acid"
"HMDB00606#HMDB00694#HMDB59655","HMDB0000606#HMDB0000694#HMDB0059655","D-2-Hydroxyglutaric acid#L-2-Hydroxyglutaric acid#2-Hydroxyglutarate"
"HMDB00606#HMDB00694#HMDB59655","HMDB0000606#HMDB0000694#HMDB0059655","D-2-Hydroxyglutaric acid#L-2-Hydroxyglutaric acid#2-Hydroxyglutarate"
"HMDB00665#HMDB00746","HMDB0000665#HMDB0000746","Leucinic acid#Hydroxyisocaproic acid"
"COMP32707#HMDB11749","#HMDB0011749","2-piperidone#2-Piperidinone"
"HMDB01161#HMDB06831","HMDB0001161#HMDB0006831","4-Trimethylammoniobutanoic acid#3-Dehydroxycarnitine"
"CHEM100001992#CHEM100001994","HMDB0003818#HMDB0003818","5-Androstenediol#5-Androstenediol"
"CHEM100001073#CHEM100002152","HMDB0002759#HMDB0002759","Androsterone sulfate#Androsterone sulfate"
"CHEBI57589#HMDB00201","#HMDB0000201","Acetylcarnitine#L-Acetylcarnitine"
"HMDB00056#HMDB00161","HMDB0000056#HMDB0000161","beta-Alanine#L-Alanine"
"CHEM100005840#HMDB00557","#HMDB0000557","Allo-isoleucine#L-Alloisoleucine"
"CHEM100005840#HMDB00557","#HMDB0000557","Allo-isoleucine#L-Alloisoleucine"
"CHEM100006430#HMDB01851","#HMDB0001851","Arabitol/xylitol#L-Arabitol"
"HMDB01043#HMDB01043_HMDB60102#ME056367","HMDB0001043#HMDB0001043#","Arachidonic acid#Arachidonic acid#FA (20:4)"
"HMDB00517#HMDB03416","HMDB0000517#HMDB0003416","L-Arginine#D-Arginine"
"HMDB00168#HMDB33780#PUBCHEM236","HMDB0000168#HMDB0033780#","L-Asparagine#D-Asparagine#Asparagine"
"HMDB00191#HMDB06483#PUBCHEM75017742","HMDB0000191#HMDB0006483#","L-Aspartic acid#D-Aspartic acid#Aspartic acid"
"HMDB00011#HMDB00357","HMDB0000011#HMDB0000357","(R)-3-Hydroxybutyric acid#3-Hydroxybutyric acid"
"CHEM100008998#HMDB06335","#HMDB0006335","Gamma-tocopherol/beta-tocopherol#Beta-tocopherol"
"CHEM100000967#CHEM100001292","HMDB0004246#HMDB0004246","Bradykinin#Bradykinin"
"C16_1_SM#HMDB29216","#HMDB0029216","C16:1 SM#SM C16:1"
"C20_4_carnitine#HMDB06455","#HMDB0006455","C20:4 carnitine#Arachidonyl carnitine"
"C42_0_TAG#HMDB42061","#HMDB0042061","C42:0 TAG#TG(14:0/14:0/14:0)"
"HMDB00651#PUBCHEM11953821","HMDB0000651#","Decanoylcarnitine#Acylcarnitine C10:0"
"CHEBI85438#CHEM100002259","#","Decenoylcarnitine (O-decenoyl-L-carnitine)#Cis-4-decenoyl carnitine or Cis-4-decenoylcarnitine (C10:1)"
"CHEBI86064#HMDB13325","#HMDB0013325","O-decadienoylcarnitine#2-trans,4-cis-Decadienoylcarnitine"
"CHEBI73054#HMDB02250","#HMDB0002250","Dodecanoylcarnitine#Dodecanoylcarnitine"
"CHEM100006051#HMDB02014","#HMDB0002014","Myristoleoylcarnitine (C14:1)* or Myristoleoylcarnitine*#cis-5-Tetradecenoylcarnitine"
"HMDB00222#PUBCHEM16902","HMDB0000222#","L-Palmitoylcarnitine#(+)-Palmitylcarnitine"
"CHEM100009406#HMDB13207","#HMDB0013207","Palmitoleoylcarnitine (C16:1)* or Palmitoleoylcarnitine*#9-Hexadecenoylcarnitine"
"HMDB00848#PUBCHEM52922056","HMDB0000848#","Stearoylcarnitine#Acylcarnitine C18:0"
"HMDB13339#PUBCHEM71464558","HMDB0013339#","3-Hydroxy-11Z-octadecenoylcarnitine#3-hydroxyoleoylcarnitine"
"HMDB06469#PUBCHEM51000598","HMDB0006469#","Linoleyl carnitine#Acylcarnitine C18:2"
"CHEBI57589#HMDB00201","#HMDB0000201","Acetylcarnitine#L-Acetylcarnitine"
"C20_4_carnitine#CHEM100015837#HMDB06455","##HMDB0006455","C20:4 carnitine#Arachidonoylcarnitine (C20:4)#Arachidonyl carnitine"
"CHEBI53210#HMDB00824","#HMDB0000824","O-propanoyl-L-carnitine#Propionylcarnitine"
"CHEM100003926#CHEM100009271","HMDB0013127#HMDB0013127","Hydroxybutyrylcarnitine#Hydroxybutyrylcarnitine"
"CHEBI21949#HMDB00736#HMDB02013","#HMDB0000736#HMDB0002013","Butyryl-L-carnitine#Isobutyryl-L-carnitine#Butyrylcarnitine"
"CHEBI86467#CHEM100005836","#","Hydroxyvalerylcarnitine#Alpha-hydroxyisovaleroyl carnitine*"
"HMDB13128#HMDB13130#PUBCHEM16226475","HMDB0013128#HMDB0013130#","Valerylcarnitine#Glutarylcarnitine#O-valeroyl-L-carnitine"
"HMDB00705#HMDB00756","HMDB0000705#HMDB0000756","Hexanoylcarnitine#L-Hexanoylcarnitine"
"CHEBI73039#HMDB00791#ME056184","#HMDB0000791#","O-octanoylcarnitine#L-Octanoylcarnitine#C8:0 acylcarnitine"
"CHEM100001742#CHEM100005849#CHEM100005850","HMDB0000552#HMDB0000552#HMDB0000552","3-Methylglutarylcarnitine#3-Methylglutarylcarnitine#3-Methylglutarylcarnitine"
"HMDB00062#PUBCHEM288","HMDB0000062#","L-Carnitine#Carnitine"
"CSID9001#HMDB00033","#HMDB0000033","Beta-Alanylhistidine#Carnosine"
"C14_0_CE_+NH4#HMDB06725","#HMDB0006725","C14:0 CE +NH4#CE(14:0)"
"C16_0_CE_+NH4#HMDB00885","#HMDB0000885","C16:0 CE +NH4#CE(16:0)"
"C16_1_CE_+NH4#HMDB00658","#HMDB0000658","C16:1 CE +NH4#CE(16:1(9Z))"
"C18_0_CE_+NH4#HMDB10368","#HMDB0010368","C18:0 CE +NH4#CE(18:0)"
"C18_1_CE_+NH4#HMDB00918","#HMDB0000918","C18:1 CE +NH4#CE(18:1(9Z))"
"C18_2_CE_+NH4#HMDB00610","#HMDB0000610","C18:2 CE +NH4#CE(18:2(9Z,12Z))"
"C18_3_CE_+NH4#HMDB10370","#HMDB0010370","C18:3 CE +NH4#CE(18:3(9Z,12Z,15Z))"
"C20_3_CE_+NH4#HMDB06736","#HMDB0006736","C20:3 CE +NH4#CE(20:3(8Z,11Z,14Z))"
"C20_4_CE_+NH4#HMDB06726","#HMDB0006726","C20:4 CE +NH4#CE(20:4(5Z,8Z,11Z,14Z))"
"C20_5_CE_+NH4#HMDB06731","#HMDB0006731","C20:5 CE +NH4#CE(20:5(5Z,8Z,11Z,14Z,17Z)"
"C22_4_CE_+NH4#HMDB06729","#HMDB0006729","C22:4 CE +NH4#CE(22:4(7Z,10Z,13Z,16Z))"
"C22_5_CE_+NH4#HMDB10375","#HMDB0010375","C22:5 CE +NH4#CE(22:5(7Z,10Z,13Z,16Z,19Z))"
"C22_6_CE_+NH4#HMDB06733","#HMDB0006733","C22:6 CE +NH4#CE(22:6(4Z,7Z,10Z,13Z,16Z,19Z))"
"CHEM100015620#HMDB04953","#HMDB0004953","Lactosyl-N-nervonoyl-sphingosine (d18:1/24:1)*#Cer(d18:1/24:1(15Z))"
"CHEM100015735#ME056353","#","Ceramide (d18:1/14:0, d16:1/16:0)*#Cer (d32:1)"
"CHEM100015755#ME056358","#","Ceramide (d18:1/20:0, d16:1/22:0, d20:1/18:0)*#Cer (d38:1)"
"CHEM100015727#ME056361","#","Ceramide (d16:1/24:1, d18:1/22:1)*#Cer (d40:2)"
"HMDB00067#PUBCHEM5997","HMDB0000067#","Cholesterol#Cholesterol"
"HMDB00904#HMDB00904_B1","HMDB0000904#HMDB0000904","Citrulline#Citrulline"
"HMDB00078#PUBCHEM174707","HMDB0000078#","Cysteinylglycine#Cysteine-glycine"
"CHEM100002178#CHEM302","HMDB0000626#HMDB0000626","Deoxycholic acid#Deoxycholic acid"
"CHEM100010916#CHEM100010917#HMDB07102","HMDB0007102#HMDB0007102#HMDB0007102","DG(16:0/18:1(9Z)/0:0)#DG(16:0/18:1(9Z)/0:0)#DG(16:0/18:1(9Z)/0:0)"
"CHEM100010918#CHEM100010919#HMDB07218","HMDB0007218#HMDB0007218#HMDB0007218","DG(18:1(9Z)/18:1(9Z)/0:0)#DG(18:1(9Z)/18:1(9Z)/0:0)#DG(18:1(9Z)/18:1(9Z)/0:0)"
"CHEM100002989#CHEM100002990#HMDB07219","HMDB0007219#HMDB0007219#HMDB0007219","DG(18:1(9Z)/18:2(9Z,12Z)/0:0)#DG(18:1(9Z)/18:2(9Z,12Z)/0:0)#DG(18:1(9Z)/18:2(9Z,12Z)/0:0)"
"CHEM100010948#HMDB07098#HMDB31011","#HMDB0007098#HMDB0031011","Palmitoyl-palmitoyl-glycerol (16:0/16:0) [2]*#DG(16:0/16:0/0:0)#Glycerol 1,3-dihexadecanoate"
"CHEM100010916#CHEM100010917","HMDB0007102#HMDB0007102","DG(16:0/18:1(9Z)/0:0)#DG(16:0/18:1(9Z)/0:0)"
"CHEM100010924#CHEM100010925","HMDB0007112#HMDB0007112","DG(16:0/20:4(5Z,8Z,11Z,14Z)/0:0)#DG(16:0/20:4(5Z,8Z,11Z,14Z)/0:0)"
"CHEM100009054#HMDB07131","#HMDB05222","1-palmitoleoyl-3-oleoyl-glycerol (16:1/18:1)*#DG(16:1(9Z)/18:1(9Z)/0:0)"
"CHEM100010949#CHEM100010950","#","Stearoyl-arachidonoyl-glycerol (18:0/20:4) [1]*#Stearoyl-arachidonoyl-glycerol (18:0/20:4) [2]*"
"CHEM100010918#CHEM100010919","HMDB0007218#HMDB0007218","DG(18:1(9Z)/18:1(9Z)/0:0)#DG(18:1(9Z)/18:1(9Z)/0:0)"
"CHEM100002989#CHEM100002990#CHEM100006252","HMDB0007219#HMDB0007219#","DG(18:1(9Z)/18:2(9Z,12Z)/0:0)#DG(18:1(9Z)/18:2(9Z,12Z)/0:0)#Oleoyl-linoleoyl-glycerol"
"CHEM100010936#CHEM100010937","HMDB0007228#HMDB0007228","DG(18:1(9Z)/20:4(5Z,8Z,11Z,14Z)/0:0)#DG(18:1(9Z)/20:4(5Z,8Z,11Z,14Z)/0:0)"
"CHEM100010926#HMDB07250","#HMDB0007250","Linoleoyl-linolenoyl-glycerol (18:2/18:3) [1]*#DG(18:2(9Z,12Z)/18:3(9Z,12Z,15Z)/0:0)"
"CHEM100010922#CHEM100010923","HMDB0007257#HMDB0007257","DG(18:2(9Z,12Z)/20:4(5Z,8Z,11Z,14Z)/0:0)#DG(18:2(9Z,12Z)/20:4(5Z,8Z,11Z,14Z)/0:0)"
"CHEM100010928#CHEM100010929","#","Linoleoyl-docosahexaenoyl-glycerol (18:2/22:6) [1]*#Linoleoyl-docosahexaenoyl-glycerol (18:2/22:6) [2]*"
"C30_0_DAG_+NH4#HMDB07011","#HMDB0007011","C30:0 DAG +NH4#DG(14:0/16:0/0:0)"
"C32_1_DAG_+NH4#CHEM100010934#CHEM100010935#HMDB07099","###HMDB0007099","C32:1 DAG +NH4#Diacylglycerol (14:0/18:1, 16:0/16:1) [1]*#Diacylglycerol (14:0/18:1, 16:0/16:1) [2]*#DG(16:0/16:1(9Z)/0:0)"
"C32_2_DAG_+NH4#HMDB07128","#HMDB0007128","C32:2 DAG +NH4#DG(16:1(9Z)/16:1(9Z)/0:0)"
"C34_0_DAG_+NH4#HMDB07100","#HMDB0007100","C34:0 DAG +NH4#DG(16:0/18:0/0:0)"
"C34_1_DAG_+NH4#HMDB07102","#HMDB0007102","C34:1 DAG +NH4#DG(16:0/18:1(9Z)/0:0)"
"C34_3_DAG_+NH4#CHEM100010940#HMDB07132","##HMDB0007132","C34:3 DAG +NH4#Diacylglycerol (16:1/18:2 [2], 16:0/18:3 [1])*#DG(16:1(9Z)/18:2(9Z,12Z)/0:0)"
"C36_0_DAG_+NH4#HMDB07158","#HMDB0007158","C36:0 DAG +NH4#DG(18:0/18:0/0:0)"
"C36_1_DAG_+NH4#HMDB07216","#HMDB0007216","C36:1 DAG +NH4#DG(18:1(9Z)/18:0/0:0)"
"C36_2_DAG_+NH4#HMDB07218","#HMDB0007218","C36:2 DAG +NH4#DG(18:1(9Z)/18:1(9Z)/0:0)"
"C36_3_DAG_+NH4#HMDB07219","#HMDB0007219","C36:3 DAG +NH4#DG(18:1(9Z)/18:2(9Z,12Z)/0:0)"
"C38_5_DAG_+NH4#HMDB07199","#HMDB0007199","C38:5 DAG +NH4#DG(18:1(11Z)/20:4(5Z,8Z,11Z,14Z)/0:0)"
"BM00198#HMDB02183","#HMDB0002183","22:6, docosahexaenoic acid#Docosahexaenoic acid"
"HMDB01473#HMDB01882","HMDB0001473#HMDB0001882","Dihydroxyacetone phosphate#Dihydroxyacetone"
"HMDB01539#HMDB01539_HMDB03334","HMDB0001539#HMDB0001539","Asymmetric dimethylarginine#Asymmetric dimethylarginine"
"COMP43024#HMDB01936","#HMDB0001936","Doxylamine#Doxylamine"
"HMDB01976#HMDB06528","HMDB0001976#HMDB0006528","Docosapentaenoic acid (22n-6)#Docosapentaenoic acid"
"CHEM100001635#Ectoine","#","Ectoine#Ectoine"
"HMDB00660#HMDB03418","HMDB0000660#HMDB0003418","D-Fructose#D-Tagatose"
"HMDB00174#PUBCHEM439554","HMDB0000174#","L-Fucose#Alpha-L-fucose"
"HMDB01492#PUBCHEM92729","HMDB0001492#","Gamma-Tocopherol#Tocopherol gamma-"
"ME056198#ME056372","#","GlcCer (42:1)#GlcCer (d42:1)"
"HMDB00122#HMDB00516","HMDB0000122#HMDB0000516","D-Glucose#Beta-D-Glucose"
"HMDB00148#HMDB00148_HMDB03339","HMDB0000148#HMDB0000148","L-Glutamic acid#L-Glutamic acid"
"HMDB00148#HMDB00148_HMDB03339#HMDB03339","HMDB0000148#HMDB0000148#HMDB0003339","L-Glutamic acid#L-Glutamic acid#D-Glutamic acid"
"HMDB00139#PUBCHEM752","HMDB0000139#","Glyceric acid#Glyceric acid"
"HMDB00123#HMDB00123_B1#HMDB00123_B2","HMDB0000123#HMDB0000123#HMDB0000123","Glycine#Glycine#Glycine"
"HMDB00118#HMDB11719","HMDB0000118#HMDB0011719","Homovanillic acid#Homovanillic acid sulfate"
"CHEM100003926#HMDB13127","HMDB0013127#HMDB0013127","Hydroxybutyrylcarnitine#Hydroxybutyrylcarnitine"
"HMDB00671#PUBCHEM9548603","HMDB0000671#","Indolelactic acid#Indole-3-lactate"
"HMDB00211#PUBCHEM892","HMDB0000211#","myo-Inositol#Inositol"
"HMDB00193#HMDB01874","HMDB0000193#HMDB0001874","Isocitric acid#D-threo-Isocitric acid"
"CSID823#HMDB00684","#HMDB0000684","Kynurenine#L-Kynurenine"
"HMDB00190#PUBCHEM612","HMDB0000190#","L-Lactic acid#Lactic acid"
"CAS_5699_54_7#HMDB00687","#HMDB0000687","Beta-Leucine#L-Leucine"
"HMDB00673#ME056366","HMDB0000673#","Linoleic acid#FA (18:2)"
"CHEM100001563#HMDB10379#PUBCHEM3045266","HMDB0010379#HMDB0010379#","LysoPC(14:0)#LysoPC(14:0)#Myristoyllysophosphatidylcholine"
"CHEM100002173#ME056201","#","1-pentadecanoylglycerophosphocholine (15:0)*#LPC (15:0)"
"HMDB10382#HMDB61702#PUBCHEM460602","HMDB0010382#HMDB0061702#","LysoPC(16:0)#2-Palmitoylglycerophosphocholine#LPC(16:0/0:0)"
"CHEM100001511#CHEM100001561","HMDB0010383#HMDB0010383","LysoPC(16:1(9Z))#LysoPC(16:1(9Z))"
"CHEM100001555#HMDB10384","#HMDB0010384","2-stearoylglycerophosphocholine*#LysoPC(18:0)"
"CHEM100001556#HMDB02815#HMDB10385","HMDB0061701#HMDB0002815#HMDB0010385","2-Oleoylglycerophosphocholine#LysoPC(18:1(9Z))#LysoPC(18:1(11Z))"
"CHEM100001557#HMDB10386#PUBCHEM56955896","#HMDB0010386#","2-linoleoylglycerophosphocholine*#LysoPC(18:2(9Z,12Z))#LPC (18:2)"
"CHEM100005357#HMDB10388","#HMDB0010388","2-linolenoylglycerophosphocholine(18:3n3)*#LysoPC(18:3(9Z,12Z,15Z))"
"CHEM100001560#HMDB10390","#HMDB0010390","2-arachidoylglycerophosphocholine*#LysoPC(20:0)"
"CHEM100005352#PUBCHEM24779475","#","1-eicosenoylglycerophosphocholine (20:1n9)*#LPC (20:1)"
"CHEM100001552#CHEM100001558#HMDB10393#HMDB10394","HMDB0010394##HMDB0010393#HMDB0010394","LysoPC(20:3(8Z,11Z,14Z))#2-eicosatrienoylglycerophosphocholine*#LysoPC(20:3(5Z,8Z,11Z))#LysoPC(20:3(8Z,11Z,14Z))"
"CHEM100001554#HMDB10395#HMDB10396","HMDB0061699#HMDB0010395#HMDB0010396","2-Arachidonoylglycerophosphocholine#LysoPC(20:4(5Z,8Z,11Z,14Z))#LysoPC(20:4(8Z,11Z,14Z,17Z))"
"CHEM100005351#HMDB10397","#HMDB0010397","1-eicosapentaenoylglycerophosphocholine (20:5n3)*#LysoPC(20:5(5Z,8Z,11Z,14Z,17Z))"
"CHEM100002063#CHEM100002066#CHEM100005673#ME056211","###","1-docosapentaenoylglycerophosphocholine (22:5)*#2-docosapentaenoylglycerophosphocholine (22:5n3)*#1-docosapentaenoyl-GPC (22:5n6)*#LPC (22:5)"
"CHEM100001565#CHEM100001566#HMDB10404","#HMDB0010404#HMDB0010404","2-docosahexaenoylglycerophosphocholine*#LysoPC(22:6(4Z,7Z,10Z,13Z,16Z,19Z))#LysoPC(22:6(4Z,7Z,10Z,13Z,16Z,19Z))"
"CHEM100000611#PUBCHEM162126","#","1-O-hexadecylglycerophosphocholine#LPC (o-16:0)"
"HMDB10407#ME056214","HMDB0010407#","LysoPC(P-16:0)#LPC (o-16:1)"
"HMDB13122#ME056215","HMDB0013122#","LysoPC(P-18:0)#LPC (o-18:1)"
"CHEM100001652#HMDB11503","#HMDB0011503","2-palmitoylglycerophosphoethanolamine*#LysoPE(16:0/0:0)"
"HMDB11129#HMDB11130","HMDB0011129#HMDB0011130","LysoPE(0:0/18:0)#LysoPE(18:0/0:0)"
"CHEM100001651#HMDB11506","#HMDB0011506","2-oleoylglycerophosphoethanolamine*#LysoPE(18:1(9Z)/0:0)"
"CHEM100001776#HMDB11507","#HMDB0011507","2-linoleoylglycerophosphoethanolamine*#LysoPE(18:2(9Z,12Z)/0:0)"
"CHEM100001674#HMDB11517#ME056382","#HMDB0011517#","2-arachidonoylglycerophosphoethanolamine*#LysoPE(20:4(5Z,8Z,11Z,14Z)/0:0)#LPE (20:4)"
"CHEM100004552#CHEM100004564","#","1-eicosapentaenoylglycerophosphoethanolamine*#2-eicosapentaenoylglycerophosphoethanolamine*"
"C22_0_LPE#HMDB11520","#HMDB0011520","C22:0 LPE#LysoPE(22:0/0:0)"
"CHEM100002060#CHEM100002061#HMDB11526","##HMDB0011526","1-docosahexaenoylglycerophosphoethanolamine* or X - 12644#2-docosahexaenoylglycerophosphoethanolamine* or X - 12645#LysoPE(22:6(4Z,7Z,10Z,13Z,16Z,19Z)/0:0)"
"CHEM100003008#HMDB61696","#HMDB0061696","2-stearoylglycerophosphoinositol*#1-Stearoylglycerophosphoinositol"
"CHEM100001777#CHEM100002069","#","1-oleoyl-GPI (18:1)* or 1-oleoylglycerophosphoinositol*#2-oleoylglycerophosphoinositol*"
"COMP38077#HMDB61690","#HMDB0061690","2-arachidonoylglycerophosphoinositol*#1-Arachidonoylglycerophosphoinositol"
"HMDB00182#HMDB03405","HMDB0000182#HMDB0003405","L-Lysine#D-Lysine"
"CHEM100001511#CHEM100001561#HMDB10383","HMDB0010383#HMDB0010383#HMDB0010383","LysoPC(16:1(9Z))#LysoPC(16:1(9Z))#LysoPC(16:1(9Z))"
"HMDB00660#HMDB00660_M00577","HMDB0000660#HMDB0000660","D-Fructose#D-Fructose"
"HMDB00169#HMDB00169_M00584","HMDB0000169#HMDB0000169","D-Mannose#D-Mannose"
"HMDB00243#HMDB00243_M00599","HMDB0000243#HMDB0000243","Pyruvic acid#Pyruvic acid"
"HMDB01429#HMDB01429_M11438","HMDB0001429#HMDB0001429","Phosphate#Phosphate"
"HMDB00126#HMDB00126_M15365","HMDB0000126#HMDB0000126","Glycerol 3-phosphate#Glycerol 3-phosphate"
"CHEM100000285#COMP15630","HMDB0003357#HMDB0003357","N-Acetylornithine#N-Acetylornithine"
"HMDB00191#HMDB00191_M15996","HMDB0000191#HMDB0000191","L-Aspartic acid#L-Aspartic acid"
"HMDB02183#HMDB02183_M19323","HMDB0002183#HMDB0002183","Docosahexaenoic acid#Docosahexaenoic acid"
"HMDB00211#HMDB00211_M19934","HMDB0000211#HMDB0000211","myo-Inositol#myo-Inositol"
"HMDB00122#HMDB00122_M20489","HMDB0000122#HMDB0000122","D-Glucose#D-Glucose"
"HMDB00019#HMDB00019_M21047","HMDB0000019#HMDB0000019","alpha-Ketoisovaleric acid#alpha-Ketoisovaleric acid"
"HMDB00222#HMDB00222_M22189","HMDB0000222#HMDB0000222","L-Palmitoylcarnitine#L-Palmitoylcarnitine"
"HMDB00054#HMDB00054_M27716","HMDB0000054#HMDB0000054","Bilirubin#Bilirubin"
"HMDB00574#HMDB00574_M31453","HMDB0000574#HMDB0000574","L-Cysteine#L-Cysteine"
"HMDB00187#HMDB00187_M32315","HMDB0000187#HMDB0000187","L-Serine#L-Serine"
"HMDB00725#HMDB00725_M32319","HMDB0000725#HMDB0000725","4-Hydroxyproline#4-Hydroxyproline"
"HMDB00148_HMDB03339#HMDB00148_HMDB03339_M32322","HMDB0000148#HMDB0000148","L-Glutamic acid#L-Glutamic acid"
"HMDB00123#HMDB00123_M32338","HMDB0000123#HMDB0000123","Glycine#Glycine"
"HMDB00161#HMDB00161_M32339","HMDB0000161#HMDB0000161","L-Alanine#L-Alanine"
"HMDB00650#HMDB00650_M32348","HMDB0000650#HMDB0000650","D-Alpha-aminobutyric acid#D-Alpha-aminobutyric acid"
"HMDB11172#HMDB11172_M32393","HMDB0011172#HMDB0011172","gamma-Glutamylvaline#gamma-Glutamylvaline"
"CHEM100004111#CHEM100004111_M32557","#","4-methylcatechol sulfate#4-methylcatechol sulfate (X - 06126) TWINSUK V4-M32557"
"COMP32616_46592#COMP32616_46592_M32616","#","X - 11299#X - 11299 TWINSUK V4-M32616"
"COMP32632_46609_49592_49613#COMP32632_46609_49592_49613_M32632","#","X - 11315#X - 11315 TWINSUK V4-M32632"
"HMDB11507#HMDB11507_M32635","HMDB0011507#HMDB0011507","LysoPE(18:2(9Z,12Z)/0:0)#LysoPE(18:2(9Z,12Z)/0:0)"
"CHEM100001540#CHEM100001540_M32672","#","Pyroglutamine*#Pyroglutamine* TWINSUK V4-M32672"
"CHEM100001949_100006379#CHEM100001949_100006379_M32675","#","C-glycosyltryptophan#C-glycosyltryptophan TWINSUK V4-M32675"
"COMP32689_46594#COMP32689_46594_M32689","#","X - 11372#X - 11372 TWINSUK V4-M32689"
"CHEM100005384#CHEM100005384_M32740","#","O-sulfo-L-tyrosine or X - 11423#O-sulfo-L-tyrosine or X - 11423 TWINSUK V4-M32740"
"COMP32758_46360#COMP32758_46360_M32758","#","X - 11441#X - 11441 TWINSUK V4-M32758"
"COMP32759_46443#COMP32759_46443_M32759","#","X - 11442#X - 11442 TWINSUK V4-M32759"
"COMP32761_46460_37727#COMP32761_46460_37727_M32761","#","X - 11444 or X - 15479#X - 11444 or X - 15479 TWINSUK V4-M32761"
"COMP32787_46601#COMP32787_46601_M32787","#","X - 11470#X - 11470 TWINSUK V4-M32787"
"COMP32795_46602#COMP32795_46602_M32795","#","X - 11478#X - 11478 TWINSUK V4-M32795"
"COMP32808_47651#COMP32808_47651_M32808","#","X - 11491#X - 11491 TWINSUK V4-M32808"
"COMP32847_46603#COMP32847_46603_M32847","#","X - 11530#X - 11530 TWINSUK V4-M32847"
"CHEM100004542#CHEM100004542_M33163","#","2-aminoheptanoate or 2-aminoheptanoic acid#2-aminoheptanoate or 2-aminoheptanoic acid (X - 11818) TWINSUK V4-M33163"
"HMDB00208#HMDB00208_M33453","HMDB0000208#HMDB0000208","Oxoglutaric acid#Oxoglutaric acid"
"HMDB00613#HMDB00613_M33477","HMDB0000613#HMDB0000613","Erythronic acid#Erythronic acid"
"COMP33515_34440_47687#COMP33515_34440_47687_M33515","#","X - 12100#X - 12100 TWINSUK V4-M33515"
"HMDB00477#HMDB00477_M33892","HMDB0000477#HMDB0000477","7Z,10Z-Hexadecadienoic acid#7Z,10Z-Hexadecadienoic acid"
"HMDB00407#HMDB00407_M33937","HMDB0000407#HMDB0000407","2-Hydroxy-3-methylbutyric acid#2-Hydroxy-3-methylbutyric acid"
"HMDB12108#HMDB12108_M33957","HMDB0012108#HMDB0012108","LysoPC(17:0)#LysoPC(17:0)"
"HMDB02815#HMDB02815_M33960","HMDB0002815#HMDB0002815","LysoPC(18:1(9Z))#LysoPC(18:1(9Z))"
"HMDB00991#HMDB00991_M34040","HMDB0000991#HMDB0000991","DL-2-Aminooctanoic acid#DL-2-Aminooctanoic acid"
"CHEM100002060#CHEM100002060_M34244","#","1-docosahexaenoylglycerophosphoethanolamine* or X - 12644#1-docosahexaenoylglycerophosphoethanolamine* (X - 12644) TWINSUK V4-M34244"
"HMDB00168#HMDB00168_M34283","HMDB0000168#HMDB0000168","L-Asparagine#L-Asparagine"
"HMDB11130#HMDB11130_M34416","HMDB0011130#HMDB0011130","LysoPE(18:0/0:0)#LysoPE(18:0/0:0)"
"COMP34481_46624#COMP34481_46624_M34481","#","X - 12798#X - 12798 TWINSUK V4-M34481"
"COMP34527_46633#COMP34527_46633_M34527","#","X - 12844#X - 12844 TWINSUK V4-M34527"
"HMDB00718#HMDB00718_M34732","HMDB0000718#HMDB0000718","Isovaleric acid#Isovaleric acid"
"COMP35189_47788#COMP35189_47788_M35189","#","X - 13431#X - 13431 TWINSUK V4-M35189"
"CHEM100001556#CHEM100001556_M35254","HMDB0061701#","2-Oleoylglycerophosphocholine#2-oleoylglycerophosphocholine* TWINSUK V4-M35254"
"HMDB00378#HMDB00378_M35431","HMDB0000378#HMDB0000378","2-Methylbutyroylcarnitine#2-Methylbutyroylcarnitine"
"HMDB13130#HMDB13130_M35439","HMDB0013130#HMDB0013130","Glutarylcarnitine#Glutarylcarnitine"
"COMP35977_46632#COMP35977_46632_M35977","#","X - 14056#X - 14056 TWINSUK V4-M35977"
"HMDB00156#HMDB00744","HMDB0000156#HMDB0000744","L-Malic acid#Malic acid"
"HMDB00163#PUBCHEM294","HMDB0000163#","D-Maltose#Cellobiose"
"CHEM350#HMDB02259","#HMDB0002259","Margarate, methyl ester#Heptadecanoic acid"
"CSID9085165#HMDB02005","#HMDB0002005","(2S)-2-Amino-4-[(S)-methylsulfinyl]butanoic acid#Methionine sulfoxide"
"CHEM100001704#HMDB34381","#HMDB0034381","Methyl linoleate or Linoleate, methyl ester#Methyl linoleate"
"HMDB11530#HMDB11561","HMDB0011530#HMDB0011561","MG(0:0/14:0/0:0)#MG(14:0/0:0/0:0)"
"HMDB11533#HMDB31074","HMDB0011533#HMDB0031074","MG(0:0/16:0/0:0)#Glycerol 1-hexadecanoate"
"CHEM100008952#CHEM100008953","HMDB0011565#HMDB0011565","MG(16:1(9Z)/0:0/0:0)#MG(16:1(9Z)/0:0/0:0)"
"C18_0_MAG_+NH4#CHEM100001047#HMDB11131#HMDB31075","##HMDB0011131#HMDB0031075","C18:0 MAG +NH4#2-stearoylglycerol (2-monostearin)#MG(18:0/0:0/0:0)#Glycerol 1-octadecanoate"
"HMDB11537#HMDB11567","HMDB0011537#HMDB0011567","MG(0:0/18:1(9Z)/0:0)#MG(18:1(9Z)/0:0/0:0)"
"CHEM100001040#HMDB11538","#HMDB0011538","1-linoleoylglycerol (1-monolinolein) or 1-linoleoylglycerol (18:2)#MG(0:0/18:2(9Z,12Z)/0:0)"
"HMDB04666#HMDB11549_HMDB11572","HMDB0004666#HMDB0011549","2-Arachidonylglycerol#MG(0:0/20:4(8Z,11Z,14Z,17Z)/0:0)"
"C22_1_MAG_+NH4#HMDB11582","#HMDB0011582","C22:1 MAG +NH4#MG(22:1(13Z)/0:0/0:0)"
"HMDB11557#HMDB11587","HMDB0011557#HMDB0011587","MG(0:0/22:6(4Z,7Z,10Z,13Z,16Z,19Z)/0:0)#MG(22:6(4Z,7Z,10Z,13Z,16Z,19Z)/0:0/0:0)"
"HMDB00211#HMDB00211_B1#HMDB06088#HMDB13777#PUBCHEM892","HMDB0000211#HMDB0000211#HMDB0006088#HMDB13777#","myo-Inositol#myo-Inositol#scyllo-Inositol#Myo-inositol#Inositol"
"COMP32878#HMDB12881","#HMDB0012881","N-acetylcarnosine#Acetylcarnosine"
"HMDB11756#HMDB32055","HMDB0011756#HMDB0032055","N-Acetylleucine#N-Acetylhistidine"
"CHEM100000285#CHEM100004523#COMP15630#HMDB03357","HMDB0003357##HMDB0003357#HMDB0003357","N-Acetylornithine#N-delta-acetylornithine*#N-Acetylornithine#N-Acetylornithine"
"CHEBI73039#HMDB00791","#HMDB0000791","O-octanoylcarnitine#L-Octanoylcarnitine"
"CHEM100001697#CHEM100008930#HMDB00207#ME056365","##HMDB0000207#","Oleate, methyl ester#Oleate/vaccenate (18:1)#Oleic acid#FA (18:1)"
"HMDB00214#HMDB03374#PUBCHEM389","HMDB0000214#HMDB0003374#","Ornithine#D-Ornithine#DL-ornithine"
"CHEM939#HMDB00220","#HMDB0000220","Palmitate, methyl ester#Palmitic acid"
"HMDB03229#HMDB03229_B1","HMDB0003229#HMDB0003229","Palmitoleic acid#Palmitoleic acid"
"CHEM100006160#CHEM100006161#HMDB00564","##HMDB0000564","Palmitoyl-palmitoyl-glycerophosphocholine (1)*#Palmitoyl-palmitoyl-glycerophosphocholine (2)*#PC(16:0/16:0)"
"CHEM100006142#HMDB07972","#HMDB0007972","Palmitoyl-oleoyl-glycerophosphocholine (1)*#PC(16:0/18:1(9Z))"
"CHEM100006133#CHEM100006134#HMDB07973#PUBCHEM24778695","##HMDB0007973#","Palmitoyl-linoleoyl-glycerophosphocholine (1)*#Palmitoyl-linoleoyl-glycerophosphocholine (2)*#PC(16:0/18:2(9Z,12Z))#PC(16:0/18:2(2E,4E))"
"HMDB07974#HMDB07975","HMDB0007974#HMDB0007975","PC(16:0/18:3(6Z,9Z,12Z))#PC(16:0/18:3(9Z,12Z,15Z))"
"CHEM100006132#CHEM100006157#HMDB07982#HMDB07983","##HMDB0007982#HMDB0007983","Palmitoyl-arachidonoyl-glycerophosphocholine (1)*#Palmitoyl-arachidonoyl-glycerophosphocholine (2)*#PC(16:0/20:4(5Z,8Z,11Z,14Z))#PC(16:0/20:4(8Z,11Z,14Z,17Z))"
"CHEM100009016#CHEM100009017","#","1-palmitoyl-2-docosapentaenoyl-GPC (16:0/22:5n3)*#1-palmitoyl-2-docosapentaenoyl-GPC (16:0/22:5n6) *"
"CHEM100008997#HMDB08002","#HMDB0008002","1,2-dipalmitoleoyl-GPC (16:1/16:1)*#PC(16:1(9Z)/16:1(9Z))"
"CHEBI84820#CHEM100006154#CHEM100006155#HMDB08039","###HMDB0008039","PC(18:0/18:2(2E,4E))#Stearoyl-linoleoyl-glycerophosphocholine (1)*#Stearoyl-linoleoyl-glycerophosphocholine (2)*#PC(18:0/18:2(9Z,12Z))"
"CHEM100006135#CHEM100006158#HMDB08048","##HMDB0008048","Stearoyl-arachidonoyl-glycerophosphocholine (1)*#Stearoyl-arachidonoyl-glycerophosphocholine (2)*#PC(18:0/20:4(5Z,8Z,11Z,14Z))"
"CHEM100006165#CHEM100006166#CHEM100008981","##","Oleoyl-linoleoyl-glycerophosphocholine (1)*#Oleoyl-linoleoyl-glycerophosphocholine (2)*#1-oleoyl-2-linoleoyl-GPC (18:1/18:2)*"
"CHEBI65303#CSID24822213#HMDB07869","##HMDB0007869","PC (30:0)#(2R)-3-(Decanoyloxy)-2-(icosanoyloxy)propyl 2-(trimethylammonio)ethyl phosphate#PC(14:0/16:0)"
"HMDB07870#HMDB07966","HMDB0007870#HMDB0007966","PC(14:0/16:1(9Z))#PC(16:0/14:1(9Z))"
"CSID24822417#HMDB07871","#HMDB0007871","(2R)-3-(Heptadecanoyloxy)-2-(pentadecanoyloxy)propyl 2-(trimethylammonio)ethyl phosphate#PC(14:0/18:0)"
"HMDB07873#ME056386","HMDB0007873#","PC(14:0/18:1(9Z))#PC (32:1)"
"CSID24822404#HMDB07874#ME056387","#HMDB0007874#","(2R)-2,3-Bis[(9E)-9-hexadecenoyloxy]propyl 2-(trimethylammonio)ethyl phosphate#PC(14:0/18:2(9Z,12Z))#PC (32:2)"
"CSID4940699#ME056391","#","2-[(9Z)-9-Octadecenoyloxy]-3-(palmitoyloxy)propyl 2-(trimethylammonio)ethyl phosphate#PC (34:1)"
"CSID24822407#HMDB08006#ME056231","#HMDB0008006#","3-[(9Z)-9-Hexadecenoyloxy]-2-[(9Z,12Z)-9,12-octadecadienoyloxy]propyl 2-(trimethylammonio)ethyl phosphate#PC(16:1(9Z)/18:2(9Z,12Z))#PC (34:3)"
"CSID24822573#HMDB07883#ME056232,ME056393","#HMDB0007883#","2-[(5Z,8Z)-5,8-Hexadecadienoyloxy]-3-[(9Z,12Z)-9,12-octadecadienoyloxy]propyl 2-(trimethylammonio)ethyl phosphate#PC(14:0/20:4(5Z,8Z,11Z,14Z))#PC (34:4)"
"CSID24822327#HMDB08036","#HMDB0008036","(2R)-2-(Henicosanoyloxy)-3-(pentadecanoyloxy)propyl 2-(trimethylammonio)ethyl phosphate#PC(18:0/18:0)"
"CSID24822459#ME056395","#","(2R)-2-[(9E)-9-Octadecenoyloxy]-3-(stearoyloxy)propyl 2-(trimethylammonio)ethyl phosphate#PC (36:1)"
"CSID24822466#HMDB08105#ME056397","#HMDB0008105#","2-[(9Z,12Z,15Z)-9,12,15-Octadecatrienoyloxy]-3-(stearoyloxy)propyl 2-(trimethylammonio)ethyl phosphate#PC(18:1(9Z)/18:2(9Z,12Z))#PC (36:3)"
"CSID4942851#ME056239,ME056398","#","2-[(5Z,8Z,11Z,14Z)-5,8,11,14-Icosatetraenoyloxy]-3-(palmitoyloxy)propyl 2-(trimethylammonio)ethyl phosphate#PC (36:4)"
"CSID24822409#ME056400,ME056401","#","3-[(9Z)-9-Hexadecenoyloxy]-2-[(5Z,8Z,11Z,14Z)-5,8,11,14-icosatetraenoyloxy]propyl 2-(trimethylammonio)ethyl phosphate#PC (36:5)"
"CSID4946694#ME056240","#","2,3-Bis[(9Z,12Z,15Z)-9,12,15-octadecatrienoyloxy]propyl 2-(trimethylammonio)ethyl phosphate#PC (36:6)"
"HMDB08270#ME056403","HMDB0008270#","PC(20:0/18:2(9Z,12Z))#PC (38:2)"
"CSID24822578#HMDB08047#ME056245,ME056404","#HMDB0008047#","(2R)-2-[(13Z)-13-Icosenoyloxy]-3-[(9Z,12Z)-9,12-octadecadienoyloxy]propyl 2-(trimethylammonio)ethyl phosphate#PC(18:0/20:3(8Z,11Z,14Z))#PC (38:3)"
"CSID24822488#ME056246","#","(2R)-2-[(8Z,10Z,12Z,14Z)-8,10,12,14-Icosatetraenoyloxy]-3-(stearoyloxy)propyl 2-(trimethylammonio)ethyl phosphate#PC (38:4)"
"HMDB07989#ME056407","HMDB0007989#","PC(16:0/22:5(4Z,7Z,10Z,13Z,16Z))#PC (38:5)"
"CSID24822657#HMDB07991","#HMDB0007991","3-[(5Z,8Z,11Z,14Z)-5,8,11,14-Icosatetraenoyloxy]-2-[(9Z,12Z)-9,12-octadecadienoyloxy]propyl 2-(trimethylammonio)ethyl phosphate#PC(16:0/22:6(4Z,7Z,10Z,13Z,16Z,19Z))"
"HMDB08054#ME056249","HMDB0008054#","PC(18:0/22:4(7Z,10Z,13Z,16Z))#PC (40:4)"
"CSID24822495#ME056250","#","2-[(4E,7E,10E,13E,16E)-4,7,10,13,16-Docosapentaenoyloxy]-3-(stearoyloxy)propyl 2-(trimethylammonio)ethyl phosphate#PC (40:5)"
"CSID8756279#ME056257","#","(2S)-3-(Hexadecyloxy)-2-(stearoyloxy)propyl 2-(trimethylammonio)ethyl phosphate#PC (o-34:0)"
"CSID24822840#ME056258#ME056436","##","(2R)-2-[(9Z)-9-Octadecenoyloxy]-3-(tetradecyloxy)propyl 2-(trimethylammonio)ethyl phosphate#PC (p-32:0) or PC (o-32:1)#Plasmenyl-PC (32:0)"
"CSID24822888#ME056259#ME056437","##","(2R)-2-[(9Z)-9-Hexadecenoyloxy]-3-(octadecyloxy)propyl 2-(trimethylammonio)ethyl phosphate#PC (p-34:0) or PC (o-34:1)#Plasmenyl-PC (34:0)"
"HMDB11151#HMDB11210#ME056260#ME056438","HMDB0011151#HMDB0011210##","PC(O-16:0/18:2(9Z,12Z))#PC(P-16:0/18:1(9Z))#PC (p-34:1) or PC (o-34:2)#Plasmenyl-PC (34:1)"
"CSID8708435#ME056261#ME056439","##","(2S)-3-(Hexadecyloxy)-2-[(9Z,12Z,15Z)-9,12,15-octadecatrienoyloxy]propyl 2-(trimethylammonio)ethyl phosphate#PC (p-34:2) or PC (o-34:3)#Plasmenyl-PC (34:2)"
"CSID24822863#HMDB11241#ME056440","#HMDB0011241#","(2R)-3-(Hexadecyloxy)-2-[(9Z)-9-icosenoyloxy]propyl 2-(trimethylammonio)ethyl phosphate#PC(P-18:0/18:0)#Plasmenyl-PC (36:0)"
"HMDB11243#ME056441","HMDB0011243#","PC(P-18:0/18:1(9Z))#Plasmenyl-PC (36:1)"
"CSID24958570#HMDB11244#ME056262","#HMDB0011244#","(2R)-3-(Hexadecyloxy)-2-[(8Z,11Z,14Z)-8,11,14-icosatrienoyloxy]propyl 2-(trimethylammonio)ethyl phosphate#PC(P-18:0/18:2(9Z,12Z))#PC (p-36:2) or PC (o-36:3)"
"CSID4947173#HMDB11310#ME056278,ME056442","#HMDB0011310#","(2R)-3-(Hexadecyloxy)-2-[(5Z,8Z,11Z,14Z)-5,8,11,14-icosatetraenoyloxy]propyl 2-(trimethylammonio)ethyl phosphate#PC(P-18:1(9Z)/18:2(9Z,12Z))#Plasmenyl-PC (36:3)"
"CSID8660716#ME056263#ME056443","##","(2R)-3-(Hexadecyloxy)-2-[(5Z,8Z,11Z,14Z,17Z)-5,8,11,14,17-icosapentaenoyloxy]propyl 2-(trimethylammonio)ethyl phosphate#PC (p-36:4) or PC (o-36:5)#Plasmenyl-PC (36:4)"
"CSID24822895#ME056444","#","(2R)-2-[(9Z)-9-Icosenoyloxy]-3-(octadecyloxy)propyl 2-(trimethylammonio)ethyl phosphate#Plasmenyl-PC (38:0)"
"HMDB13439#ME056264","HMDB0013439#","PC(o-20:0/18:3(6Z,9Z,12Z))#PC (p-38:2) or PC (o-38:3)"
"CSID24822898#HMDB11252#ME056265","#HMDB0011252#","2-[(5Z,8Z,11Z,14Z)-5,8,11,14-Icosatetraenoyloxy]-3-(octadecyloxy)propyl 2-(trimethylammonio)ethyl phosphate#PC(P-18:0/20:3(8Z,11Z,14Z))#PC (p-38:3) or PC (o-38:4)"
"CSID24822871#ME056266#ME056445","##","(2R)-2-[(7Z,10Z,13Z,16Z,19Z)-7,10,13,16,19-Docosapentaenoyloxy]-3-(hexadecyloxy)propyl 2-(trimethylammonio)ethyl phosphate#PC (p-38:4) A or PC (o-38:5) A#Plasmenyl-PC (38:4)"
"HMDB11319#HMDB13409#ME056446","HMDB0011319#HMDB0013409#","PC(P-18:1(9Z)/20:4(5Z,8Z,11Z,14Z))#PC(o-16:0/22:6(4Z,7Z,10Z,13Z,16Z,19Z))#Plasmenyl-PC (38:5)"
"HMDB13442#ME056267","HMDB0013442#","PC(o-20:0/20:4(8Z,11Z,14Z,17Z))#PC (p-40:3) or PC (o-40:4)"
"CSID24822903#ME056268#ME056447","##","2-[(7E,10E,13E,16E,19E)-7,10,13,16,19-Docosapentaenoyloxy]-3-(octadecyloxy)propyl 2-(trimethylammonio)ethyl phosphate#PC (p-40:4) or PC (o-40:5)#Plasmenyl-PC (40:4)"
"CSID24608218#ME056269","#","2-[(4Z,7Z,10Z,13Z,16Z,19Z)-4,7,10,13,16,19-Docosahexaenoyloxy]-3-(octadecyloxy)propyl 2-(trimethylammonio)ethyl phosphate#PC (p-40:5) or PC (o-40:6)"
"HMDB11294#ME056270","HMDB0011294#","PC(P-18:1(11Z)/22:5(7Z,10Z,13Z,16Z,19Z))#PC (p-40:6) or PC (o-40:7)"
"HMDB13448_HMDB13454#ME056271","HMDB0013448#","PC(o-22:0/20:4(8Z,11Z,14Z,17Z))#PC (p-42:3) or PC (o-42:4)"
"HMDB13451#ME056272#ME056448","HMDB0013451##","PC(o-22:1(13Z)/20:4(8Z,11Z,14Z,17Z))#PC (p-42:4) or PC (o-42:5)#Plasmenyl-PC (42:4)"
"HMDB13456#ME056274","HMDB0013456#","PC(o-22:2(13Z,16Z)/22:3(10Z,13Z,16Z))#PC (p-44:4) or PC (o-44:5)"
"CHEM100006320#HMDB08994","#HMDB0008994","Stearoyl-linoleoyl-glycerophosphoethanolamine (1)*#PE(18:0/18:2(9Z,12Z))"
"CHEM100006316#HMDB09003","#HMDB0009003","Stearoyl-arachidonoyl-glycerophosphoethanolamine (1)*#PE(18:0/20:4(5Z,8Z,11Z,14Z))"
"HMDB08928#ME056414","HMDB0008928#","PE(16:0/18:2(9Z,12Z))#PE (34:2)"
"HMDB09060#ME056417","HMDB0009060#","PE(18:1(9Z)/18:2(9Z,12Z))#PE (36:3)"
"HMDB08937#ME056418","HMDB0008937#","PE(16:0/20:4(5Z,8Z,11Z,14Z))#PE (36:4)"
"HMDB09069#ME056424","HMDB0009069#","PE(18:1(9Z)/20:4(5Z,8Z,11Z,14Z))#PE 38:5"
"HMDB08952#ME056449","HMDB0008952#","PE(16:0/P-18:1(9Z))#Plasmenyl-PE (34:1)"
"HMDB09082#ME056451","HMDB0009082#","PE(18:1(9Z)/P-18:0)#Plasmenyl-PE (36:1)"
"HMDB11441#ME056452","HMDB0011441#","PE(P-18:1(9Z)/18:1(9Z))#Plasmenyl-PE (36:2)"
"HMDB11410#ME056277#ME056453","HMDB0011410##","PE(P-18:1(11Z)/18:3(6Z,9Z,12Z))#PE (p-36:4) or PE (o-36:5)#Plasmenyl-PE (36:4)"
"HMDB11386#ME056280,ME056456","HMDB0011386#","PE(P-18:0/20:4(8Z,11Z,14Z,17Z))#Plasmenyl-PE (38:4)"
"HMDB11387#ME056281,ME056457","HMDB0011387#","PE(P-18:0/20:5(5Z,8Z,11Z,14Z,17Z))#Plasmenyl-PE (38:5)"
"CHEM100002293#HMDB13302","#HMDB0013302","Phenylalanylphenylalanine#Phenylalanylphenylalanine"
"CHEM100002293#HMDB13302","#HMDB0013302","Phenylalanylphenylalanine#Phenylalanylphenylalanine"
"CHEM100006138#HMDB09784","#HMDB0009784","Palmitoyl-linoleoyl-glycerophosphoinositol (1)*#PI(16:0/18:2(9Z,12Z))"
"CHEM100006136#HMDB09815","#HMDB0009815","Stearoyl-arachidonoyl-glycerophosphoinositol (1)*#PI(18:0/20:4(5Z,8Z,11Z,14Z))"
"CHEM100006140#COMP52451","#","Oleoyl-linoleoyl-glycerophosphoinositol (1)*#1-oleoyl-2-linoleoyl-GPI (18:1/18:2)*"
"HMDB09779#ME056425","HMDB0009779#","PI(16:0/16:1(9Z))#PI (32:1)"
"HMDB00070#HMDB00716","HMDB0000070#HMDB0000716","Pipecolic acid#L-Pipecolic acid"
"CHEM100002067#CHEM100002129","HMDB0000774#HMDB0000774","Pregnenolone sulfate#Pregnenolone sulfate"
"CSID594#HMDB00162#HMDB03411","#HMDB0000162#HMDB0003411","DL-proline#L-Proline#D-Proline"
"CHEBI53210#HMDB00824","#HMDB0000824","O-propanoyl-L-carnitine#Propionylcarnitine"
"HMDB00767#PUBCHEM553482","HMDB0000767#","Pseudouridine#Pseudo uridine"
"HMDB00267#HMDB00805","HMDB0000267#HMDB0000805","Pyroglutamic acid#Pyrrolidonecarboxylic acid"
"COMP40807#PUBCHEM2116","HMDB0001358#","Retinal#Tocopherol alpha-"
"HMDB00187#HMDB03406","HMDB0000187#HMDB0003406","L-Serine#D-Serine"
"HMDB10169#HMDB61712","HMDB0010169#HMDB0061712","SM(d18:1/16:0)#Palmitoyl sphingomyelin"
"C16_1_SM#CHEM100004329#HMDB29216#PUBCHEM52931145#SM_C16_1","##HMDB0029216##","C16:1 SM#Palmitoleoyl sphingomyelin* or Sphingomyelin (d18:2/16:0, d18:1/16:1)*#SM C16:1#SM (d18:1/16:1)#SM C16:1"
"CSID4956085#HMDB01348","#HMDB0001348","(2S,3R,4E)-3-Hydroxy-2-(stearoylamino)-4-octadecen-1-yl 2-(trimethylammonio)ethyl phosphate#SM(d18:1/18:0)"
"HMDB12100#HMDB12101","HMDB0012100#HMDB0012101","SM(d18:1/18:1(11Z))#SM(d18:1/18:1(9Z))"
"CHEM100009025#PUBCHEM52931193","#","Sphingomyelin (d18:1/21:0, d17:1/22:0, d16:1/23:0)*#SM (d18:1/21:0)"
"CSID24608393#HMDB12105","#HMDB0012105","Sphingomyelin d18:1-C23:0#SM(d18:1/23:0)"
"CHEM100006298#CSID24846875#HMDB11697","##HMDB0011697","Lignoceroyl sphingomyelin (d18:1/24:0)#(2S,3R,4E)-3-Hydroxy-2-(tetracosanoylamino)-4-octadecen-1-yl 2-(trimethylammonio)ethyl phosphate#SM(d18:1/24:0)"
"CHEM100015788#PUBCHEM52931155","#","Sphingomyelin (d18:2/18:1)*#SM (d18:2/18:1)"
"CHEM100008956#PUBCHEM52931209","#","Sphingomyelin (d18:2/23:0, d18:1/23:1, d17:1/24:1)*#SM (d18:2/23:0)"
"CHEM100008957#PUBCHEM52931215","#","Sphingomyelin (d18:2/24:1, d18:1/24:2)*#SM (d18:2/24:1)"
"CHEM100005985#ME056465","#","Myristoleoyl sphingomyelin* or Sphingomyelin (d18:2/14:0, d18:1/14:1)*#SM (d32:2)"
"ME056466#PUBCHEM52931139","#","SM (d33:1)#SM (33:1)"
"ME056283#ME056470","#","SM (36:0)#SM (d36:0)"
"ME056474#PUBCHEM52931179","#","SM (d38:2)#SM (38:2)"
"CSID440#HMDB00247","#HMDB0000247","Hexitol#Sorbitol"
"CSID10752051#HMDB03334","#HMDB0003334","N~2~,N~2~-Dimethylarginine#Symmetric dimethylarginine"
"HMDB00251#HMDB00896","HMDB0000251#HMDB0000896","Taurine#Taurodeoxycholic acid"
"C41_0_TAG#C41_0_TAG_+NH4","#","C41:0 TAG#C41:0 TAG +NH4"
"C42_0_TAG#C42_0_TAG_+NH4#HMDB42061#ME056306","##HMDB0042061#","C42:0 TAG#C42:0 TAG +NH4#TG(14:0/14:0/14:0)#TG (42:0)"
"C43_0_TAG_+NH4#HMDB42062","#HMDB0042062","C43:0 TAG +NH4#TG(14:0/14:0/15:0)"
"C43_1_TAG_+NH4#HMDB42098","#HMDB0042098","C43:1 TAG +NH4#TG(14:0/15:0/14:1(9Z))"
"C44_0_TAG_+NH4#HMDB42063","#HMDB0042063","C44:0 TAG +NH4#TG(14:0/14:0/16:0)"
"C44_1_TAG#C44_1_TAG_+NH4#PUBCHEM56936554","##","C44:1 TAG#C44:1 TAG +NH4#TG (44:1)"
"C44_2_TAG#C44_2_TAG_+NH4#ME056309","##","C44:2 TAG#C44:2 TAG +NH4#TG (44:2)"
"C45_0_TAG_+NH4#HMDB42093","#HMDB0042093","C45:0 TAG +NH4#TG(14:0/15:0/16:0)"
"C45_1_TAG_+NH4#HMDB42099","#HMDB0042099","C45:1 TAG +NH4#TG(14:0/15:0/16:1(9Z))"
"C45_2_TAG_+NH4#HMDB43170","#HMDB0043170","C45:2 TAG +NH4#TG(15:0/14:1(9Z)/16:1(9Z))"
"C46_0_TAG_+NH4#HMDB10411#HMDB42123","#HMDB0010411#HMDB0042123","C46:0 TAG +NH4#TG(16:0/14:0/16:0)#TG(14:0/16:0/16:0)"
"C46_1_TAG_+NH4#HMDB10412","#HMDB0010412","C46:1 TAG +NH4#TG(16:0/14:0/16:1(9Z))"
"C46_2_TAG_+NH4#CSID30779211#HMDB10419","##HMDB0010419","C46:2 TAG +NH4#TG (46:2)#TG(16:1(9Z)/14:0/16:1(9Z))"
"C46_3_TAG#C46_3_TAG_+NH4#PUBCHEM56936561","##","C46:3 TAG#C46:3 TAG +NH4#TG (46:3)"
"C46_4_TAG#C46_4_TAG_+NH4","#","C46:4 TAG#C46:4 TAG +NH4"
"C47_0_TAG_+NH4#HMDB42094","#HMDB0042094","C47:0 TAG +NH4#TG(14:0/15:0/18:0)"
"C47_1_TAG_+NH4#HMDB42100","#HMDB0042100","C47:1 TAG +NH4#TG(14:0/15:0/18:1(11Z))"
"C47_2_TAG_+NH4#HMDB42076","#HMDB0042076","C47:2 TAG +NH4#TG(14:0/14:0/18:2(9Z,12Z))"
"C48_0_TAG_+NH4#HMDB05356","#HMDB0005356","C48:0 TAG +NH4#TG(16:0/16:0/16:0)"
"C48_1_TAG_+NH4#HMDB05359","#HMDB0005359","C48:1 TAG +NH4#TG(16:0/16:0/16:1(9Z))"
"C48_2_TAG_+NH4#HMDB05376","#HMDB0005376","C48:2 TAG +NH4#TG(16:0/16:1(9Z)/16:1(9Z))"
"C48_3_TAG_+NH4#HMDB05432#ME056314","#HMDB0005432#","C48:3 TAG +NH4#TG(16:1(9Z)/16:1(9Z)/16:1(9Z))#TG (48:3)"
"C48_4_TAG#C48_4_TAG_+NH4#ME056315","##","C48:4 TAG#C48:4 TAG +NH4#TG (48:4)"
"C48_5_TAG#C48_5_TAG_+NH4","#","C48:5 TAG#C48:5 TAG +NH4"
"C49_0_TAG_+NH4#HMDB42095#PUBCHEM9543988","#HMDB0042095#","C49:0 TAG +NH4#TG(14:0/15:0/20:0)#TG (49:0)"
"C49_1_TAG_+NH4#HMDB11705","#HMDB0011705","C49:1 TAG +NH4#TG(15:0/18:1(9Z)/16:0)"
"C49_2_TAG_+NH4#HMDB11706","#HMDB0011706","C49:2 TAG +NH4#TG(15:0/18:1(9Z)/16:1(9Z))"
"C49_3_TAG_+NH4#HMDB42103","#HMDB0042103","C49:3 TAG +NH4#TG(14:0/15:0/20:3(5Z,8Z,11Z))"
"C50_0_TAG_+NH4#HMDB05357#HMDB43913","#HMDB0005357#HMDB0043913","C50:0 TAG +NH4#TG(16:0/16:0/18:0)#TG(16:0/18:0/16:0)"
"C50_1_TAG_+NH4#HMDB05360","#HMDB0005360","C50:1 TAG +NH4#TG(16:0/16:0/18:1(9Z))"
"C50_2_TAG_+NH4#HMDB05377#HMDB05430","#HMDB0005377#HMDB0005430","C50:2 TAG +NH4#TG(16:0/16:1(9Z)/18:1(9Z))#TG(16:1(9Z)/16:1(9Z)/18:0)"
"C50_3_TAG_+NH4#HMDB05433","#HMDB0005433","C50:3 TAG +NH4#TG(16:1(9Z)/16:1(9Z)/18:1(9Z))"
"C50_4_TAG_+NH4#HMDB05435","#HMDB0005435","C50:4 TAG +NH4#TG(16:1(9Z)/16:1(9Z)/18:2(9Z,12Z))"
"C50_5_TAG_+NH4#HMDB10471#PUBCHEM9544045","#HMDB0010471#","C50:5 TAG +NH4#TG(18:2(9Z,12Z)/14:0/18:3(9Z,12Z,15Z))#TG (50:5)"
"C50_6_TAG_+NH4#HMDB10497","#HMDB0010497","C50:6 TAG +NH4#TG(18:3(9Z,12Z,15Z)/14:0/18:3(9Z,12Z,15Z))"
"C51_0_TAG_+NH4#ME056321","#","C51:0 TAG +NH4#TG (51:0)"
"C52_0_TAG_+NH4#HMDB05365#PUBCHEM545690","#HMDB0005365#","C52:0 TAG +NH4#TG(16:0/18:0/18:0)#TG (52:0)"
"C52_1_TAG_+NH4#HMDB05367","#HMDB0005367","C52:1 TAG +NH4#TG(16:0/18:0/18:1(9Z))"
"C52_2_TAG_+NH4#HMDB05369","#HMDB0005369","C52:2 TAG +NH4#TG(16:0/18:0/18:2(9Z,12Z))"
"C52_3_TAG_+NH4#HMDB05384","#HMDB0005384","C52:3 TAG +NH4#TG(16:0/18:1(9Z)/18:2(9Z,12Z))"
"C52_5_TAG_+NH4#HMDB05380","#HMDB0005380","C52:5 TAG +NH4#TG(16:0/16:1(9Z)/20:4(5Z,8Z,11Z,14Z))"
"C52_6_TAG_+NH4#HMDB05436#ME056326","#HMDB0005436#","C52:6 TAG +NH4#TG(16:1(9Z)/16:1(9Z)/20:4(5Z,8Z,11Z,14Z))#TG (52:6)"
"C52_7_TAG_+NH4#HMDB10517","#HMDB0010517","C52:7 TAG +NH4#TG(20:4(5Z,8Z,11Z,14Z)/14:0/18:3(9Z,12Z,15Z))"
"C53_2_TAG_+NH4#HMDB42196#PUBCHEM9544102","#HMDB0042196#","C53:2 TAG +NH4#TG(14:0/20:0/18:2(9Z,12Z))#TG (53:2)"
"C53_3_TAG_+NH4#HMDB42105#HMDB43058#PUBCHEM9544126","#HMDB0042105#HMDB0043058#","C53:3 TAG +NH4#TG(14:0/15:0/24:1(15Z))#TG(15:0/18:0/20:3(5Z,8Z,11Z))#TG (53:3)"
"C54_1_TAG_+NH4#HMDB05395","#HMDB0005395","C54:1 TAG +NH4#TG(18:0/18:0/18:1(9Z))"
"C54_2_TAG_+NH4#HMDB05403#PUBCHEM6182417","#HMDB0005403#","C54:2 TAG +NH4#TG(18:0/18:1(9Z)/18:1(9Z))#TG (54:2)"
"C54_3_TAG_+NH4#HMDB05405","#HMDB0005405","C54:3 TAG +NH4#TG(18:0/18:1(9Z)/18:2(9Z,12Z))"
"C54_4_TAG_+NH4#HMDB05370","#HMDB0005370","C54:4 TAG +NH4#TG(16:0/18:0/20:4(5Z,8Z,11Z,14Z))"
"HMDB05385#HMDB10460","HMDB0005385#HMDB0010460","TG(16:0/18:1(9Z)/20:4(5Z,8Z,11Z,14Z))#TG(18:1(9Z)/18:1(9Z)/18:3(9Z,12Z,15Z))"
"C54_6_TAG_+NH4#HMDB05391","#HMDB0005391","C54:6 TAG +NH4#TG(16:0/18:2(9Z,12Z)/20:4(5Z,8Z,11Z,14Z))"
"C54_7_TAG_+NH4#HMDB05447","#HMDB0005447","C54:7 TAG +NH4#TG(16:1(9Z)/18:2(9Z,12Z)/20:4(5Z,8Z,11Z,14Z))"
"C54_8_TAG_+NH4#HMDB10518","#HMDB0010518","C54:8 TAG +NH4#TG(20:4(5Z,8Z,11Z,14Z)/14:0/20:4(5Z,8Z,11Z,14Z))"
"C55_2_TAG_+NH4#HMDB42226#ME056335","#HMDB0042226#","C55:2 TAG +NH4#TG(14:0/22:0/18:2(9Z,12Z))#TG (55:2)"
"C55_3_TAG_+NH4#HMDB42466#ME056336","#HMDB0042466#","C55:3 TAG +NH4#TG(14:0/22:1(13Z)/18:2(9Z,12Z))#TG (55:3)"
"C56_1_TAG_+NH4#HMDB05396#HMDB05402","#HMDB0005396#HMDB0005402","C56:1 TAG +NH4#TG(18:0/18:0/20:1(11Z))#TG(18:0/18:1(9Z)/20:0)"
"C56_2_TAG_+NH4#HMDB05404#HMDB05409","#HMDB0005404#HMDB0005409","C56:2 TAG +NH4#TG(18:0/18:1(9Z)/20:1(11Z))#TG(18:0/18:2(9Z,12Z)/20:0)"
"C56_3_TAG_+NH4#HMDB05410#HMDB05454","#HMDB0005410#HMDB0005454","C56:3 TAG +NH4#TG(18:0/18:2(9Z,12Z)/20:1(11Z))#TG(18:1(9Z)/18:1(9Z)/20:1(11Z))"
"C56_4_TAG_+NH4#HMDB05398#HMDB05460","#HMDB0005398#HMDB0005460","C56:4 TAG +NH4#TG(18:0/18:0/20:4(5Z,8Z,11Z,14Z))#TG(18:1(9Z)/18:2(9Z,12Z)/20:1(11Z))"
"C56_5_TAG_+NH4#HMDB05406#HMDB05473","#HMDB0005406#HMDB0005473","C56:5 TAG +NH4#TG(18:0/18:1(9Z)/20:4(5Z,8Z,11Z,14Z))#TG(18:2(9Z,12Z)/18:2(9Z,12Z)/20:1(11Z))"
"C56_6_TAG_+NH4#HMDB05456#HMDB10491","#HMDB0005456#HMDB0010491","C56:6 TAG +NH4#TG(18:1(9Z)/18:1(9Z)/20:4(5Z,8Z,11Z,14Z))#TG(18:2(9Z,12Z)/18:2(9Z,12Z)/20:2(11Z,14Z))"
"C56_7_TAG_+NH4#HMDB05462","#HMDB0005462","C56:7 TAG +NH4#TG(18:1(9Z)/18:2(9Z,12Z)/20:4(5Z,8Z,11Z,14Z))"
"C56_8_TAG_+NH4#HMDB05392","#HMDB0005392","C56:8 TAG +NH4#TG(16:0/20:4(5Z,8Z,11Z,14Z)/20:4(5Z,8Z,11Z,14Z))"
"C56_9_TAG_+NH4#HMDB05448","#HMDB0005448","C56:9 TAG +NH4#TG(16:1(9Z)/20:4(5Z,8Z,11Z,14Z)/20:4(5Z,8Z,11Z,14Z))"
"C58_10_TAG_+NH4#HMDB05476#ME056346","#HMDB0005476#","C58:10 TAG +NH4#TG(18:2(9Z,12Z)/20:4(5Z,8Z,11Z,14Z)/20:4(5Z,8Z,11Z,14Z))#TG (58:10)"
"C58_11_TAG_+NH4#HMDB10531","#HMDB0010531","C58:11 TAG +NH4#TG(20:4(5Z,8Z,11Z,14Z)/20:4(5Z,8Z,11Z,14Z)/18:3(9Z,12Z,15Z))"
"C58_6_TAG_+NH4#HMDB05458","#HMDB0005458","C58:6 TAG +NH4#TG(18:1(9Z)/20:1(11Z)/20:4(5Z,8Z,11Z,14Z))"
"C58_8_TAG_+NH4#HMDB05413","#HMDB0005413","C58:8 TAG +NH4#TG(18:0/20:4(5Z,8Z,11Z,14Z)/20:4(5Z,8Z,11Z,14Z))"
"C58_9_TAG_+NH4#HMDB05463","#HMDB0005463","C58:9 TAG +NH4#TG(18:1(9Z)/20:4(5Z,8Z,11Z,14Z)/20:4(5Z,8Z,11Z,14Z))"
"C60_12_TAG_+NH4#HMDB05478","#HMDB0005478","C60:12 TAG +NH4#TG(20:4(5Z,8Z,11Z,14Z)/20:4(5Z,8Z,11Z,14Z)/20:4(5Z,8Z,11Z,14Z))"
"HMDB02994#HMDB04136","HMDB0002994#HMDB0004136","Erythritol#D-Threitol"
"HMDB00167#PUBCHEM205","HMDB0000167#","L-Threonine#DL-threonine"
"COMP32859_37731#HMDB02327","#HMDB0002327","1,11-undecanedicarboxylic acid#1,11-Undecanedicarboxylic acid"
"HMDB00929#HMDB13609","HMDB0000929#HMDB0013609","L-Tryptophan#D-Tryptophan"
"HMDB00158#HMDB00158_B1#HMDB00158_B2","HMDB0000158#HMDB0000158#HMDB0000158","L-Tyrosine#L-Tyrosine#L-Tyrosine"
"HMDB00286#HMDB00295","HMDB0000286#HMDB0000295","Uridine diphosphate glucose#Uridine 5'-diphosphate"
"HMDB00296#HMDB00296_B1","HMDB0000296#HMDB0000296","Uridine#Uridine"
"COMP32549_32786_46497_ATBC2#COMP62277","#","X - 11469#X - 02269 (X - 11469)"
"CHEM100002061#CHEM100002061_SPA11","#","2-docosahexaenoylglycerophosphoethanolamine* or X - 12645#X - 12645"
"COMP33541_34315_46966_47701#COMP33541_34315_46966_47701_P1#COMP33541_34315_46966_47701_SPA21","##","X - 12126 or X - 12705#X - 12705#X - 12705"
"COMP35335_38363#COMP35335_38363_ATBC2","#","X - 13557 (X - 15933)#X - 15933"
"COMP38582_39854_46653_46699#COMP38582_39854_46653_46699_ATBC1","#","X - 16135 or X - 17184#X - 17184"
"COMP38514_46738_47801_ATBC1#COMP38514_46738_47801_P1#COMP62863","##HMDB29737","X - 21664#X - 21664#3-formylindole"
"HMDB00292#HMDB00292_B1","HMDB0000292#HMDB0000292","Xanthine#Xanthine"
"HMDB00508#HMDB02917_HMDB00568","HMDB0000508#HMDB0002917","Ribitol#D-Xylitol"
"HMDB00098#PUBCHEM644160","HMDB0000098#","D-Xylose#DL-xylose"
"CHEM100006122#HMDB00654#HMDB00751","#HMDB00654#HMDB0000751","Ribulose/xylulose#D-Xylulose#L-Threo-2-pentulose"
