"","metabolite_id","input_metabolite_name","input_hmdb_id","input_pubchem","input_chemspider","input_kegg","input_inchikey","input_chebi","split_input_pubchem","split_reason","input_pubchem_final","metabolite_id_final","input_hmdb_id_final","input_kegg_final","input_chebi_final","input_chemspider_final","input_inchikey_final","input_metabolite_name_final","metabolite_id_final_1","metabolite_id_final_2","has_descriptive_terms","has_multiple_ids"
"1","CHEM100003926_HMDB02095","3-Hydroxy-isovaleryl carnitine or Malonyl carnitine",NA,NA,NA,NA,NA,NA,NA,NA,NA,"CHEM100003926_HMDB02095",NA,NA,NA,NA,NA,"3_hydroxy_isovaleryl carnitine or malonyl carnitine","CHEM100003926_HMDB02095","CHEM100003926_HMDB02095",FALSE,TRUE
"2","CHEM100003926_HMDB02095","3-Hydroxy-isovaleryl carnitine or Malonyl carnitine",NA,NA,NA,NA,NA,NA,NA,NA,NA,"CHEM100003926_HMDB02095",NA,NA,NA,NA,NA,"3_hydroxy_isovaleryl carnitine or malonyl carnitine","CHEM100003926_HMDB02095","CHEM100003926_HMDB02095",FALSE,TRUE
"3","HMDB00072_HMDB00958","aconitate [cis or trans]",NA,NA,NA,NA,NA,NA,NA,NA,NA,"HMDB00072_HMDB00958",NA,NA,NA,NA,NA,"aconitate_cis or trans","HMDB00072_HMDB00958","HMDB00072_HMDB00958",FALSE,TRUE
"4","HMDB00072_HMDB00958","aconitate [cis or trans]","HMDB00072",NA,NA,NA,NA,NA,NA,NA,NA,"HMDB00072_HMDB00958","HMDB00072",NA,NA,NA,NA,"aconitate_cis or trans","HMDB00072_HMDB00958","HMDB00072_HMDB00958",FALSE,TRUE
"5","HMDB00072_HMDB00958","aconitate [cis or trans]",NA,NA,NA,NA,NA,NA,NA,NA,NA,"HMDB00072_HMDB00958",NA,NA,NA,NA,NA,"aconitate_cis or trans","HMDB00072_HMDB00958","HMDB00072_HMDB00958",FALSE,TRUE
"6","HMDB00072_HMDB00958","aconitate [cis or trans]",NA,NA,NA,NA,NA,NA,NA,NA,NA,"HMDB00072_HMDB00958",NA,NA,NA,NA,NA,"aconitate_cis or trans","HMDB00072_HMDB00958","HMDB00072_HMDB00958",FALSE,TRUE
"7","HMDB00072_HMDB00958","aconitate [cis or trans]","HMDB00072",NA,NA,"C00417",NA,NA,NA,NA,NA,"HMDB00072_HMDB00958","HMDB00072","C00417",NA,NA,NA,"aconitate_cis or trans","HMDB00072_HMDB00958","HMDB00072_HMDB00958",FALSE,TRUE
"8","HMDB00072_HMDB00958","aconitate [cis or trans]","HMDB00072,HMDB00958",NA,NA,"C00417,C02341",NA,NA,NA,NA,NA,"HMDB00072_HMDB00958","HMDB00072","C00417",NA,NA,NA,"aconitate_cis or trans","HMDB00072_HMDB00958","HMDB00072_HMDB00958",FALSE,TRUE
"9","HMDB00072_HMDB00958","aconitate [cis or trans]","HMDB00072,HMDB00958",NA,NA,"C00417,C02341",NA,NA,NA,NA,NA,"HMDB00072_HMDB00958","HMDB00072","C02341",NA,NA,NA,"aconitate_cis or trans","HMDB00072_HMDB00958","HMDB00072_HMDB00958",FALSE,TRUE
"10","HMDB00072_HMDB00958","aconitate [cis or trans]","HMDB00072,HMDB00958",NA,NA,"C00417,C02341",NA,NA,NA,NA,NA,"HMDB00072_HMDB00958","HMDB00958","C00417",NA,NA,NA,"aconitate_cis or trans","HMDB00072_HMDB00958","HMDB00072_HMDB00958",FALSE,TRUE
"11","HMDB00072_HMDB00958","aconitate [cis or trans]","HMDB00072,HMDB00958",NA,NA,"C00417,C02341",NA,NA,NA,NA,NA,"HMDB00072_HMDB00958","HMDB00958","C02341",NA,NA,NA,"aconitate_cis or trans","HMDB00072_HMDB00958","HMDB00072_HMDB00958",FALSE,TRUE
"12","HMDB00072_HMDB00958","aconitate",NA,NA,NA,NA,NA,NA,NA,NA,NA,"HMDB00072_HMDB00958",NA,NA,NA,NA,NA,"aconitate","HMDB00072_HMDB00958","HMDB00072_HMDB00958",FALSE,TRUE
"13","HMDB00072_HMDB00958","aconitate","HMDB00072",NA,NA,NA,NA,NA,NA,NA,NA,"HMDB00072_HMDB00958","HMDB00072",NA,NA,NA,NA,"aconitate","HMDB00072_HMDB00958","HMDB00072_HMDB00958",FALSE,TRUE
"14","HMDB00072_HMDB00958","aconitate [cis or trans]",NA,NA,NA,NA,NA,NA,NA,NA,NA,"HMDB00072_HMDB00958",NA,NA,NA,NA,NA,"aconitate_cis or trans","HMDB00072_HMDB00958","HMDB00072_HMDB00958",FALSE,TRUE
"15","HMDB00072_HMDB00958","Aconitic acid",NA,NA,NA,NA,NA,NA,NA,NA,NA,"HMDB00072_HMDB00958",NA,NA,NA,NA,NA,"aconitic acid","HMDB00072_HMDB00958","HMDB00072_HMDB00958",FALSE,TRUE
"16","HMDB00148_HMDB03339_VAR","glutamate","HMDB00148",NA,NA,NA,NA,NA,NA,NA,NA,"HMDB00148_HMDB03339_VAR","HMDB00148",NA,NA,NA,NA,"glutamate","HMDB00148_HMDB03339_VAR","HMDB00148_HMDB03339_VAR",FALSE,TRUE
"17","HMDB0000212_HMDB00215","N-acetylglucosamine/N-acetylgalactosamine","HMDB00215","24139",NA,NA,NA,NA,NA,NA,NA,"HMDB0000212_HMDB00215","HMDB00215",NA,NA,NA,NA,"n_acetylglucosamine_n_acetylgalactosamine","HMDB0000212_HMDB00215","HMDB0000212_HMDB00215",FALSE,TRUE
"18","HMDB0000212_HMDB00215","N-acetylglucosamine/N-acetylgalactosamine","HMDB00215","24139",NA,NA,NA,NA,NA,NA,NA,"HMDB0000212_HMDB00215","HMDB00215",NA,NA,NA,NA,"n_acetylglucosamine_n_acetylgalactosamine","HMDB0000212_HMDB00215","HMDB0000212_HMDB00215",FALSE,TRUE
"19","HMDB0000212_HMDB00215","N-acetylglucosamine/N-acetylgalactosamine","HMDB00215","24139",NA,NA,NA,NA,NA,NA,NA,"HMDB0000212_HMDB00215","HMDB00215",NA,NA,NA,NA,"n_acetylglucosamine_n_acetylgalactosamine","HMDB0000212_HMDB00215","HMDB0000212_HMDB00215",FALSE,TRUE
"20","HMDB0000212_HMDB00215","N-acetylglucosamine/N-acetylgalactosamine","HMDB00215","24139",NA,NA,NA,NA,NA,NA,NA,"HMDB0000212_HMDB00215","HMDB00215",NA,NA,NA,NA,"n_acetylglucosamine_n_acetylgalactosamine","HMDB0000212_HMDB00215","HMDB0000212_HMDB00215",FALSE,TRUE
"21","HMDB0000212_HMDB00215","N-acetylglucosamine/N-acetylgalactosamine",NA,NA,NA,NA,NA,NA,NA,NA,NA,"HMDB0000212_HMDB00215",NA,NA,NA,NA,NA,"n_acetylglucosamine_n_acetylgalactosamine","HMDB0000212_HMDB00215","HMDB0000212_HMDB00215",FALSE,TRUE
"22","HMDB0000212_HMDB00215","N-acetylglucosamine/N-acetylgalactosamine",NA,"24139",NA,NA,NA,NA,NA,NA,NA,"HMDB0000212_HMDB00215",NA,NA,NA,NA,NA,"n_acetylglucosamine_n_acetylgalactosamine","HMDB0000212_HMDB00215","HMDB0000212_HMDB00215",FALSE,TRUE
"23","HMDB00248_HMDB01918","thyroxine","HMDB01918","5819",NA,NA,NA,NA,NA,NA,NA,"HMDB00248_HMDB01918","HMDB01918",NA,NA,NA,NA,"thyroxine","HMDB00248_HMDB01918","HMDB00248_HMDB01918",FALSE,TRUE
"24","HMDB00248_HMDB01918","thyroxine","HMDB01918","5819",NA,NA,NA,NA,NA,NA,NA,"HMDB00248_HMDB01918","HMDB01918",NA,NA,NA,NA,"thyroxine","HMDB00248_HMDB01918","HMDB00248_HMDB01918",FALSE,TRUE
"25","HMDB00248_HMDB01918","thyroxine","HMDB01918","5819",NA,NA,NA,NA,NA,NA,NA,"HMDB00248_HMDB01918","HMDB01918",NA,NA,NA,NA,"thyroxine","HMDB00248_HMDB01918","HMDB00248_HMDB01918",FALSE,TRUE
"26","HMDB00248_HMDB01918","thyroxine",NA,NA,NA,NA,NA,NA,NA,NA,NA,"HMDB00248_HMDB01918",NA,NA,NA,NA,NA,"thyroxine","HMDB00248_HMDB01918","HMDB00248_HMDB01918",FALSE,TRUE
"27","HMDB00248_HMDB01918","thyroxine","HMDB00248",NA,NA,NA,NA,NA,NA,NA,NA,"HMDB00248_HMDB01918","HMDB00248",NA,NA,NA,NA,"thyroxine","HMDB00248_HMDB01918","HMDB00248_HMDB01918",FALSE,TRUE
"28","HMDB00248_HMDB01918","thyroxine","HMDB0000248","5819",NA,NA,NA,NA,NA,NA,NA,"HMDB00248_HMDB01918","HMDB0000248",NA,NA,NA,NA,"thyroxine","HMDB00248_HMDB01918","HMDB00248_HMDB01918",FALSE,TRUE
"29","HMDB00248_HMDB01918","thyroxine","HMDB01918","5819",NA,NA,NA,NA,NA,NA,NA,"HMDB00248_HMDB01918","HMDB01918",NA,NA,NA,NA,"thyroxine","HMDB00248_HMDB01918","HMDB00248_HMDB01918",FALSE,TRUE
"30","HMDB00248_HMDB01918","thyroxine","HMDB01918","5819",NA,NA,NA,NA,NA,NA,NA,"HMDB00248_HMDB01918","HMDB01918",NA,NA,NA,NA,"thyroxine","HMDB00248_HMDB01918","HMDB00248_HMDB01918",FALSE,TRUE
"31","HMDB00248_HMDB01918","thyroxine","HMDB01918",NA,NA,NA,NA,NA,NA,NA,NA,"HMDB00248_HMDB01918","HMDB01918",NA,NA,NA,NA,"thyroxine","HMDB00248_HMDB01918","HMDB00248_HMDB01918",FALSE,TRUE
"32","HMDB00248_HMDB01918","thyroxine","HMDB01918","5819","5614","C01829",NA,NA,NA,NA,NA,"HMDB00248_HMDB01918","HMDB01918","C01829",NA,"5614",NA,"thyroxine","HMDB00248_HMDB01918","HMDB00248_HMDB01918",FALSE,TRUE
"33","HMDB00248_HMDB01918","thyroxine","HMDB01918","5819",NA,"C01829",NA,NA,NA,NA,NA,"HMDB00248_HMDB01918","HMDB01918","C01829",NA,NA,NA,"thyroxine","HMDB00248_HMDB01918","HMDB00248_HMDB01918",FALSE,TRUE
"34","HMDB00248_HMDB01918","thyroxine",NA,NA,NA,NA,NA,NA,NA,NA,NA,"HMDB00248_HMDB01918",NA,NA,NA,NA,NA,"thyroxine","HMDB00248_HMDB01918","HMDB00248_HMDB01918",FALSE,TRUE
"35","HMDB00248_HMDB01918","thyroxine","HMDB00248",NA,NA,NA,NA,NA,NA,NA,NA,"HMDB00248_HMDB01918","HMDB00248",NA,NA,NA,NA,"thyroxine","HMDB00248_HMDB01918","HMDB00248_HMDB01918",FALSE,TRUE
"36","HMDB00248_HMDB01918","thyroxine","HMDB00248",NA,NA,NA,NA,NA,NA,NA,NA,"HMDB00248_HMDB01918","HMDB00248",NA,NA,NA,NA,"thyroxine","HMDB00248_HMDB01918","HMDB00248_HMDB01918",FALSE,TRUE
"37","HMDB00248_HMDB01918","thyroxine",NA,NA,NA,NA,NA,NA,NA,NA,NA,"HMDB00248_HMDB01918",NA,NA,NA,NA,NA,"thyroxine","HMDB00248_HMDB01918","HMDB00248_HMDB01918",FALSE,TRUE
"38","HMDB00248_HMDB01918","thyroxine",NA,"5819",NA,NA,NA,NA,NA,NA,NA,"HMDB00248_HMDB01918",NA,NA,NA,NA,NA,"thyroxine","HMDB00248_HMDB01918","HMDB00248_HMDB01918",FALSE,TRUE
"39","HMDB00248_HMDB01918","thyroxine",NA,"5819",NA,NA,NA,NA,NA,NA,NA,"HMDB00248_HMDB01918",NA,NA,NA,NA,NA,"thyroxine","HMDB00248_HMDB01918","HMDB00248_HMDB01918",FALSE,TRUE
"40","HMDB00248_HMDB01918","thyroxine","HMDB00248",NA,NA,NA,NA,NA,NA,NA,NA,"HMDB00248_HMDB01918","HMDB00248",NA,NA,NA,NA,"thyroxine","HMDB00248_HMDB01918","HMDB00248_HMDB01918",FALSE,TRUE
"41","HMDB00417_HMDB00801","phytanate","HMDB00801","26840",NA,NA,NA,NA,NA,NA,NA,"HMDB00417_HMDB00801","HMDB00801",NA,NA,NA,NA,"phytanate","HMDB00417_HMDB00801","HMDB00417_HMDB00801",FALSE,TRUE
"42","HMDB00417_HMDB00801","phytanate","HMDB00417","26840","10140204","C01607",NA,NA,NA,NA,NA,"HMDB00417_HMDB00801","HMDB00417","C01607",NA,"10140204",NA,"phytanate","HMDB00417_HMDB00801","HMDB00417_HMDB00801",FALSE,TRUE
"43","HMDB00417_HMDB00801","phytanate","HMDB00417","26840",NA,"C01607",NA,NA,NA,NA,NA,"HMDB00417_HMDB00801","HMDB00417","C01607",NA,NA,NA,"phytanate","HMDB00417_HMDB00801","HMDB00417_HMDB00801",FALSE,TRUE
"44","HMDB00417_HMDB00801","phytanate","HMDB00417,HMDB00801,HMDB00553","26840",NA,"C01607",NA,NA,NA,NA,NA,"HMDB00417_HMDB00801","HMDB00417","C01607",NA,NA,NA,"phytanate","HMDB00417_HMDB00801","HMDB00417_HMDB00801",FALSE,TRUE
"45","HMDB00417_HMDB00801","phytanate","HMDB00417,HMDB00801,HMDB00553","26840",NA,"C01607",NA,NA,NA,NA,NA,"HMDB00417_HMDB00801","HMDB00801","C01607",NA,NA,NA,"phytanate","HMDB00417_HMDB00801","HMDB00417_HMDB00801",FALSE,TRUE
"46","HMDB00417_HMDB00801","phytanate","HMDB00417,HMDB00801,HMDB00553","26840",NA,"C01607",NA,NA,NA,NA,NA,"HMDB00417_HMDB00801","HMDB00553","C01607",NA,NA,NA,"phytanate","HMDB00417_HMDB00801","HMDB00417_HMDB00801",FALSE,TRUE
"47","HMDB00417_HMDB00801","phytanate",NA,"26840",NA,NA,NA,NA,NA,NA,NA,"HMDB00417_HMDB00801",NA,NA,NA,NA,NA,"phytanate","HMDB00417_HMDB00801","HMDB00417_HMDB00801",FALSE,TRUE
"48","HMDB00621_HMDB03371","ribulose",NA,NA,NA,NA,NA,NA,NA,NA,NA,"HMDB00621_HMDB03371",NA,NA,NA,NA,NA,"ribulose","HMDB00621_HMDB03371","HMDB00621_HMDB03371",FALSE,TRUE
"49","HMDB00621_HMDB03371","ribulose",NA,NA,NA,NA,NA,NA,NA,NA,NA,"HMDB00621_HMDB03371",NA,NA,NA,NA,NA,"ribulose","HMDB00621_HMDB03371","HMDB00621_HMDB03371",FALSE,TRUE
"50","HMDB00621_HMDB03371","Ribulose",NA,NA,NA,NA,NA,NA,NA,NA,NA,"HMDB00621_HMDB03371",NA,NA,NA,NA,NA,"ribulose","HMDB00621_HMDB03371","HMDB00621_HMDB03371",FALSE,TRUE
"51","HMDB00621_HMDB03371","ribulose","HMDB00621","79021",NA,"C00309",NA,NA,NA,NA,NA,"HMDB00621_HMDB03371","HMDB00621","C00309",NA,NA,NA,"ribulose","HMDB00621_HMDB03371","HMDB00621_HMDB03371",FALSE,TRUE
"52","HMDB00621_HMDB03371","ribulose","HMDB00621","151261",NA,"C00309",NA,NA,NA,NA,NA,"HMDB00621_HMDB03371","HMDB00621","C00309",NA,NA,NA,"ribulose","HMDB00621_HMDB03371","HMDB00621_HMDB03371",FALSE,TRUE
"53","HMDB00621_HMDB03371","ribulose","HMDB00621","151261",NA,"C00309",NA,NA,NA,NA,NA,"HMDB00621_HMDB03371","HMDB00621","C00309",NA,NA,NA,"ribulose","HMDB00621_HMDB03371","HMDB00621_HMDB03371",FALSE,TRUE
"54","HMDB00621_HMDB03371","ribulose","HMDB00621","151261",NA,NA,NA,NA,NA,NA,NA,"HMDB00621_HMDB03371","HMDB00621",NA,NA,NA,NA,"ribulose","HMDB00621_HMDB03371","HMDB00621_HMDB03371",FALSE,TRUE
"55","HMDB00688_HMDB00378","Isovaleryl carnitine, 3-methylbutyryl carnitine or 2-Methylbutyryl carnitine",NA,NA,NA,NA,NA,NA,NA,NA,NA,"HMDB00688_HMDB00378",NA,NA,NA,NA,NA,"isovaleryl carnitine_3_methylbutyryl carnitine or 2_methylbutyryl carnitine","HMDB00688_HMDB00378","HMDB00688_HMDB00378",FALSE,TRUE
"56","HMDB00688_HMDB00378","Isovaleryl carnitine, 3-methylbutyryl carnitine or 2-Methylbutyryl carnitine",NA,NA,NA,NA,NA,NA,NA,NA,NA,"HMDB00688_HMDB00378",NA,NA,NA,NA,NA,"isovaleryl carnitine_3_methylbutyryl carnitine or 2_methylbutyryl carnitine","HMDB00688_HMDB00378","HMDB00688_HMDB00378",FALSE,TRUE
"57","HMDB01085_HMDB02995","leukotriene B4",NA,NA,NA,NA,NA,NA,NA,NA,NA,"HMDB01085_HMDB02995",NA,NA,NA,NA,NA,"leukotriene b4","HMDB01085_HMDB02995","HMDB01085_HMDB02995",FALSE,TRUE
"58","HMDB01085_HMDB02995","Leukotriene B4",NA,"5280492",NA,NA,"VNYSSYRCGWBHLG-AMOLWHMGSA-N",NA,NA,NA,NA,"HMDB01085_HMDB02995",NA,NA,NA,NA,"VNYSSYRCGWBHLG-AMOLWHMGSA-N","leukotriene b4","HMDB01085_HMDB02995","HMDB01085_HMDB02995",FALSE,TRUE
"59","HMDB01085_HMDB02995","leukotriene B4","HMDB01085","5312972",NA,"C02165",NA,NA,NA,NA,NA,"HMDB01085_HMDB02995","HMDB01085","C02165",NA,NA,NA,"leukotriene b4","HMDB01085_HMDB02995","HMDB01085_HMDB02995",FALSE,TRUE
"60","HMDB01085_HMDB02995","leukotriene B4","HMDB01085","5280492",NA,"C02165",NA,NA,NA,NA,NA,"HMDB01085_HMDB02995","HMDB01085","C02165",NA,NA,NA,"leukotriene b4","HMDB01085_HMDB02995","HMDB01085_HMDB02995",FALSE,TRUE
"61","HMDB01085_HMDB02995","leukotriene B4","HMDB01085","5280492",NA,NA,NA,NA,NA,NA,NA,"HMDB01085_HMDB02995","HMDB01085",NA,NA,NA,NA,"leukotriene b4","HMDB01085_HMDB02995","HMDB01085_HMDB02995",FALSE,TRUE
"62","HMDB01085_HMDB02995","LTB4",NA,NA,NA,NA,NA,NA,NA,NA,NA,"HMDB01085_HMDB02995",NA,NA,NA,NA,NA,"ltb4","HMDB01085_HMDB02995","HMDB01085_HMDB02995",FALSE,TRUE
"63","HMDB01085_HMDB02995","LTB4","HMDB01085",NA,NA,NA,NA,NA,NA,NA,NA,"HMDB01085_HMDB02995","HMDB01085",NA,NA,NA,NA,"ltb4","HMDB01085_HMDB02995","HMDB01085_HMDB02995",FALSE,TRUE
"64","HMDB01388_HMDB03073","linolenate [alpha or gamma; (18:3n3 or 6)]","HMDB03073","5280934",NA,NA,NA,NA,NA,NA,NA,"HMDB01388_HMDB03073","HMDB03073",NA,NA,NA,NA,"linolenate_alpha or gamma__18_3n3 or 6","HMDB01388_HMDB03073","HMDB01388_HMDB03073",FALSE,TRUE
"65","HMDB01388_HMDB03073","linolenate [alpha or gamma; (18:3n3 or 6)]","HMDB03073","5280934",NA,NA,NA,NA,NA,NA,NA,"HMDB01388_HMDB03073","HMDB03073",NA,NA,NA,NA,"linolenate_alpha or gamma__18_3n3 or 6","HMDB01388_HMDB03073","HMDB01388_HMDB03073",FALSE,TRUE
"66","HMDB01388_HMDB03073","linolenate [alpha or gamma; (18:3n3 or 6)]","HMDB03073","5280934",NA,NA,NA,NA,NA,NA,NA,"HMDB01388_HMDB03073","HMDB03073",NA,NA,NA,NA,"linolenate_alpha or gamma__18_3n3 or 6","HMDB01388_HMDB03073","HMDB01388_HMDB03073",FALSE,TRUE
"67","HMDB01388_HMDB03073","linolenate [alpha or gamma; (18:3n3 or 6)]",NA,NA,NA,NA,NA,NA,NA,NA,NA,"HMDB01388_HMDB03073",NA,NA,NA,NA,NA,"linolenate_alpha or gamma__18_3n3 or 6","HMDB01388_HMDB03073","HMDB01388_HMDB03073",FALSE,TRUE
"68","HMDB01388_HMDB03073","linolenate [alpha or gamma; (18:3n3 or 6)]",NA,NA,NA,NA,NA,NA,NA,NA,NA,"HMDB01388_HMDB03073",NA,NA,NA,NA,NA,"linolenate_alpha or gamma__18_3n3 or 6","HMDB01388_HMDB03073","HMDB01388_HMDB03073",FALSE,TRUE
"69","HMDB01388_HMDB03073","linolenate [alpha or gamma; (18:3n3 or 6)]",NA,NA,NA,NA,NA,NA,NA,NA,NA,"HMDB01388_HMDB03073",NA,NA,NA,NA,NA,"linolenate_alpha or gamma__18_3n3 or 6","HMDB01388_HMDB03073","HMDB01388_HMDB03073",FALSE,TRUE
"70","HMDB01388_HMDB03073","Linolenate _alpha or gamma; (18:3n3 or 6)_","HMDB01388;HMDB03073","5280934",NA,NA,NA,NA,NA,NA,NA,"HMDB01388_HMDB03073","HMDB01388",NA,NA,NA,NA,"linolenate_alpha or gamma__18_3n3 or 6","HMDB01388_HMDB03073","HMDB01388_HMDB03073",FALSE,TRUE
"71","HMDB01388_HMDB03073","Linolenate _alpha or gamma; (18:3n3 or 6)_","HMDB01388;HMDB03073","5280934",NA,NA,NA,NA,NA,NA,NA,"HMDB01388_HMDB03073","HMDB03073",NA,NA,NA,NA,"linolenate_alpha or gamma__18_3n3 or 6","HMDB01388_HMDB03073","HMDB01388_HMDB03073",FALSE,TRUE
"72","HMDB01388_HMDB03073","linolenate [alpha or gamma; (18:3n3 or 6)]","HMDB01388;HMDB03073","5280934",NA,NA,NA,NA,NA,NA,NA,"HMDB01388_HMDB03073","HMDB01388",NA,NA,NA,NA,"linolenate_alpha or gamma__18_3n3 or 6","HMDB01388_HMDB03073","HMDB01388_HMDB03073",FALSE,TRUE
"73","HMDB01388_HMDB03073","linolenate [alpha or gamma; (18:3n3 or 6)]","HMDB01388;HMDB03073","5280934",NA,NA,NA,NA,NA,NA,NA,"HMDB01388_HMDB03073","HMDB03073",NA,NA,NA,NA,"linolenate_alpha or gamma__18_3n3 or 6","HMDB01388_HMDB03073","HMDB01388_HMDB03073",FALSE,TRUE
"74","HMDB01388_HMDB03073","Linolenate [alpha or gamma; (18:3n3 or 6)]",NA,NA,NA,NA,NA,NA,NA,NA,NA,"HMDB01388_HMDB03073",NA,NA,NA,NA,NA,"linolenate_alpha or gamma__18_3n3 or 6","HMDB01388_HMDB03073","HMDB01388_HMDB03073",FALSE,TRUE
"75","HMDB01388_HMDB03073","linolenate [alpha or gamma; (18:3n3 or 6)]","HMDB01388,HMDB03073",NA,NA,NA,NA,NA,NA,NA,NA,"HMDB01388_HMDB03073","HMDB01388",NA,NA,NA,NA,"linolenate_alpha or gamma__18_3n3 or 6","HMDB01388_HMDB03073","HMDB01388_HMDB03073",FALSE,TRUE
"76","HMDB01388_HMDB03073","linolenate [alpha or gamma; (18:3n3 or 6)]","HMDB01388,HMDB03073",NA,NA,NA,NA,NA,NA,NA,NA,"HMDB01388_HMDB03073","HMDB03073",NA,NA,NA,NA,"linolenate_alpha or gamma__18_3n3 or 6","HMDB01388_HMDB03073","HMDB01388_HMDB03073",FALSE,TRUE
"77","HMDB01388_HMDB03073","linolenate [alpha or gamma; (18:3n3 or 6)]","HMDB03073","5280934",NA,NA,NA,NA,NA,NA,NA,"HMDB01388_HMDB03073","HMDB03073",NA,NA,NA,NA,"linolenate_alpha or gamma__18_3n3 or 6","HMDB01388_HMDB03073","HMDB01388_HMDB03073",FALSE,TRUE
"78","HMDB01388_HMDB03073","linolenate [alpha or gamma; (18:3n3 or 6)]","HMDB03073","5280934",NA,NA,NA,NA,NA,NA,NA,"HMDB01388_HMDB03073","HMDB03073",NA,NA,NA,NA,"linolenate_alpha or gamma__18_3n3 or 6","HMDB01388_HMDB03073","HMDB01388_HMDB03073",FALSE,TRUE
"79","HMDB01388_HMDB03073","linolenate [alpha or gamma; (18:3n3 or 6)]","HMDB01388,HMDB03073",NA,NA,NA,NA,NA,NA,NA,NA,"HMDB01388_HMDB03073","HMDB01388",NA,NA,NA,NA,"linolenate_alpha or gamma__18_3n3 or 6","HMDB01388_HMDB03073","HMDB01388_HMDB03073",FALSE,TRUE
"80","HMDB01388_HMDB03073","linolenate [alpha or gamma; (18:3n3 or 6)]","HMDB01388,HMDB03073",NA,NA,NA,NA,NA,NA,NA,NA,"HMDB01388_HMDB03073","HMDB03073",NA,NA,NA,NA,"linolenate_alpha or gamma__18_3n3 or 6","HMDB01388_HMDB03073","HMDB01388_HMDB03073",FALSE,TRUE
"81","HMDB01388_HMDB03073","linolenate [alpha or gamma; (18:3n3 or 6)]","HMDB03073","5280934","4444437","C06426",NA,NA,NA,NA,NA,"HMDB01388_HMDB03073","HMDB03073","C06426",NA,"4444437",NA,"linolenate_alpha or gamma__18_3n3 or 6","HMDB01388_HMDB03073","HMDB01388_HMDB03073",FALSE,TRUE
"82","HMDB01388_HMDB03073","linolenate [alpha or gamma; (18:3n3 or 6)]",NA,NA,NA,NA,NA,NA,NA,NA,NA,"HMDB01388_HMDB03073",NA,NA,NA,NA,NA,"linolenate_alpha or gamma__18_3n3 or 6","HMDB01388_HMDB03073","HMDB01388_HMDB03073",FALSE,TRUE
"83","HMDB01388_HMDB03073","linolenate [alpha or gamma; (18:3n3 or 6)]","HMDB01388",NA,NA,"C06427",NA,NA,NA,NA,NA,"HMDB01388_HMDB03073","HMDB01388","C06427",NA,NA,NA,"linolenate_alpha or gamma__18_3n3 or 6","HMDB01388_HMDB03073","HMDB01388_HMDB03073",FALSE,TRUE
"84","HMDB01388_HMDB03073","linolenate [alpha or gamma; (18:3n3 or 6)]",NA,"5280934",NA,"C06427",NA,NA,NA,NA,NA,"HMDB01388_HMDB03073",NA,"C06427",NA,NA,NA,"linolenate_alpha or gamma__18_3n3 or 6","HMDB01388_HMDB03073","HMDB01388_HMDB03073",FALSE,TRUE
"85","HMDB01388_HMDB03073","linolenate [alpha or gamma; (18:3n3 or 6)]","HMDB03073","5280934",NA,"C06426,C06427",NA,NA,NA,NA,NA,"HMDB01388_HMDB03073","HMDB03073","C06426",NA,NA,NA,"linolenate_alpha or gamma__18_3n3 or 6","HMDB01388_HMDB03073","HMDB01388_HMDB03073",FALSE,TRUE
"86","HMDB01388_HMDB03073","linolenate [alpha or gamma; (18:3n3 or 6)]","HMDB03073","5280934",NA,"C06426,C06427",NA,NA,NA,NA,NA,"HMDB01388_HMDB03073","HMDB03073","C06427",NA,NA,NA,"linolenate_alpha or gamma__18_3n3 or 6","HMDB01388_HMDB03073","HMDB01388_HMDB03073",FALSE,TRUE
"87","HMDB01388_HMDB03073","linolenate [alpha or gamma; (18:3n3 or 6)]",NA,"5280934",NA,NA,NA,NA,NA,NA,NA,"HMDB01388_HMDB03073",NA,NA,NA,NA,NA,"linolenate_alpha or gamma__18_3n3 or 6","HMDB01388_HMDB03073","HMDB01388_HMDB03073",FALSE,TRUE
"88","HMDB01388_HMDB03073","linolenate [alpha or gamma; (18:3n3 or 6)]",NA,"5280934",NA,NA,NA,NA,NA,NA,NA,"HMDB01388_HMDB03073",NA,NA,NA,NA,NA,"linolenate_alpha or gamma__18_3n3 or 6","HMDB01388_HMDB03073","HMDB01388_HMDB03073",FALSE,TRUE
"89","HMDB01388_HMDB03073","linolenate [alpha or gamma; (18:3n3 or 6)]",NA,"5280934",NA,NA,NA,NA,NA,NA,NA,"HMDB01388_HMDB03073",NA,NA,NA,NA,NA,"linolenate_alpha or gamma__18_3n3 or 6","HMDB01388_HMDB03073","HMDB01388_HMDB03073",FALSE,TRUE
"90","HMDB01388_HMDB03073","linolenate (18:3n3 or 3n6)",NA,"5280934",NA,NA,NA,NA,NA,NA,NA,"HMDB01388_HMDB03073",NA,NA,NA,NA,NA,"linolenate_18_3n3 or 3n6","HMDB01388_HMDB03073","HMDB01388_HMDB03073",FALSE,TRUE
"91","HMDB01388_HMDB03073","Linolenic acid (C18:3) isomer 1",NA,NA,NA,NA,NA,"25048",NA,NA,NA,"HMDB01388_HMDB03073",NA,NA,"25048",NA,NA,"linolenic acid_c18_3_isomer 1","HMDB01388_HMDB03073","HMDB01388_HMDB03073",FALSE,TRUE
"92","HMDB01539_HMDB03334","dimethylarginine (SDMA + ADMA)","HMDB01539","123831",NA,NA,NA,NA,NA,NA,NA,"HMDB01539_HMDB03334","HMDB01539",NA,NA,NA,NA,"dimethylarginine_sdma + adma","HMDB01539_HMDB03334","HMDB01539_HMDB03334",FALSE,TRUE
"93","HMDB01539_HMDB03334","dimethylarginine (SDMA + ADMA)","HMDB01539","123831",NA,NA,NA,NA,NA,NA,NA,"HMDB01539_HMDB03334","HMDB01539",NA,NA,NA,NA,"dimethylarginine_sdma + adma","HMDB01539_HMDB03334","HMDB01539_HMDB03334",FALSE,TRUE
"94","HMDB01539_HMDB03334","dimethylarginine (SDMA + ADMA)","HMDB01539","123831",NA,NA,NA,NA,NA,NA,NA,"HMDB01539_HMDB03334","HMDB01539",NA,NA,NA,NA,"dimethylarginine_sdma + adma","HMDB01539_HMDB03334","HMDB01539_HMDB03334",FALSE,TRUE
"95","HMDB01539_HMDB03334","dimethylarginine (SDMA + ADMA)",NA,NA,NA,NA,NA,NA,NA,NA,NA,"HMDB01539_HMDB03334",NA,NA,NA,NA,NA,"dimethylarginine_sdma + adma","HMDB01539_HMDB03334","HMDB01539_HMDB03334",FALSE,TRUE
"96","HMDB01539_HMDB03334","dimethylarginine (SDMA + ADMA)",NA,NA,NA,NA,NA,NA,NA,NA,NA,"HMDB01539_HMDB03334",NA,NA,NA,NA,NA,"dimethylarginine_sdma + adma","HMDB01539_HMDB03334","HMDB01539_HMDB03334",FALSE,TRUE
"97","HMDB01539_HMDB03334","dimethylarginine (SDMA + ADMA)",NA,NA,NA,NA,NA,NA,NA,NA,NA,"HMDB01539_HMDB03334",NA,NA,NA,NA,NA,"dimethylarginine_sdma + adma","HMDB01539_HMDB03334","HMDB01539_HMDB03334",FALSE,TRUE
"98","HMDB01539_HMDB03334","Dimethylarginine (SDMA + ADMA)","HMDB01539;HMDB03334","123831",NA,NA,NA,NA,NA,NA,NA,"HMDB01539_HMDB03334","HMDB01539",NA,NA,NA,NA,"dimethylarginine_sdma + adma","HMDB01539_HMDB03334","HMDB01539_HMDB03334",FALSE,TRUE
"99","HMDB01539_HMDB03334","Dimethylarginine (SDMA + ADMA)","HMDB01539;HMDB03334","123831",NA,NA,NA,NA,NA,NA,NA,"HMDB01539_HMDB03334","HMDB03334",NA,NA,NA,NA,"dimethylarginine_sdma + adma","HMDB01539_HMDB03334","HMDB01539_HMDB03334",FALSE,TRUE
"100","HMDB01539_HMDB03334","dimethylarginine (SDMA + ADMA)","HMDB01539;HMDB03334","123831",NA,NA,NA,NA,NA,NA,NA,"HMDB01539_HMDB03334","HMDB01539",NA,NA,NA,NA,"dimethylarginine_sdma + adma","HMDB01539_HMDB03334","HMDB01539_HMDB03334",FALSE,TRUE
"101","HMDB01539_HMDB03334","dimethylarginine (SDMA + ADMA)","HMDB01539;HMDB03334","123831",NA,NA,NA,NA,NA,NA,NA,"HMDB01539_HMDB03334","HMDB03334",NA,NA,NA,NA,"dimethylarginine_sdma + adma","HMDB01539_HMDB03334","HMDB01539_HMDB03334",FALSE,TRUE
"102","HMDB01539_HMDB03334","Dimethylarginine (SDMA + ADMA)",NA,NA,NA,NA,NA,NA,NA,NA,NA,"HMDB01539_HMDB03334",NA,NA,NA,NA,NA,"dimethylarginine_sdma + adma","HMDB01539_HMDB03334","HMDB01539_HMDB03334",FALSE,TRUE
"103","HMDB01539_HMDB03334","dimethylarginine (SDMA + ADMA)","HMDB01539",NA,NA,NA,NA,NA,NA,NA,NA,"HMDB01539_HMDB03334","HMDB01539",NA,NA,NA,NA,"dimethylarginine_sdma + adma","HMDB01539_HMDB03334","HMDB01539_HMDB03334",FALSE,TRUE
"104","HMDB01539_HMDB03334","dimethylarginine (SDMA + ADMA)","HMDB01539","123831",NA,NA,NA,NA,NA,NA,NA,"HMDB01539_HMDB03334","HMDB01539",NA,NA,NA,NA,"dimethylarginine_sdma + adma","HMDB01539_HMDB03334","HMDB01539_HMDB03334",FALSE,TRUE
"105","HMDB01539_HMDB03334","dimethylarginine (SDMA + ADMA)","HMDB01539","123831",NA,NA,NA,NA,NA,NA,NA,"HMDB01539_HMDB03334","HMDB01539",NA,NA,NA,NA,"dimethylarginine_sdma + adma","HMDB01539_HMDB03334","HMDB01539_HMDB03334",FALSE,TRUE
"106","HMDB01539_HMDB03334","dimethylarginine (SDMA + ADMA)","HMDB01539",NA,NA,NA,NA,NA,NA,NA,NA,"HMDB01539_HMDB03334","HMDB01539",NA,NA,NA,NA,"dimethylarginine_sdma + adma","HMDB01539_HMDB03334","HMDB01539_HMDB03334",FALSE,TRUE
"107","HMDB01539_HMDB03334","dimethylarginine (SDMA + ADMA)","HMDB01539","123831","110375","C03626",NA,NA,NA,NA,NA,"HMDB01539_HMDB03334","HMDB01539","C03626",NA,"110375",NA,"dimethylarginine_sdma + adma","HMDB01539_HMDB03334","HMDB01539_HMDB03334",FALSE,TRUE
"108","HMDB01539_HMDB03334","dimethylarginine (SDMA + ADMA)",NA,NA,NA,NA,NA,NA,NA,NA,NA,"HMDB01539_HMDB03334",NA,NA,NA,NA,NA,"dimethylarginine_sdma + adma","HMDB01539_HMDB03334","HMDB01539_HMDB03334",FALSE,TRUE
"109","HMDB01539_HMDB03334","dimethylarginine (SDMA + ADMA)","HMDB01539","123831",NA,"C03626",NA,NA,NA,NA,NA,"HMDB01539_HMDB03334","HMDB01539","C03626",NA,NA,NA,"dimethylarginine_sdma + adma","HMDB01539_HMDB03334","HMDB01539_HMDB03334",FALSE,TRUE
"110","HMDB01539_HMDB03334","dimethylarginine (SDMA + ADMA)","HMDB01539","123831",NA,"C03626",NA,NA,NA,NA,NA,"HMDB01539_HMDB03334","HMDB01539","C03626",NA,NA,NA,"dimethylarginine_sdma + adma","HMDB01539_HMDB03334","HMDB01539_HMDB03334",FALSE,TRUE
"111","HMDB01539_HMDB03334","dimethylarginine (SDMA + ADMA)","HMDB01539","123831",NA,"C03626",NA,NA,NA,NA,NA,"HMDB01539_HMDB03334","HMDB01539","C03626",NA,NA,NA,"dimethylarginine_sdma + adma","HMDB01539_HMDB03334","HMDB01539_HMDB03334",FALSE,TRUE
"112","HMDB01539_HMDB03334","dimethylarginine (SDMA + ADMA)",NA,"123831",NA,NA,NA,NA,NA,NA,NA,"HMDB01539_HMDB03334",NA,NA,NA,NA,NA,"dimethylarginine_sdma + adma","HMDB01539_HMDB03334","HMDB01539_HMDB03334",FALSE,TRUE
"113","HMDB01539_HMDB03334","dimethylarginine (SDMA + ADMA)","HMDB01539","123831",NA,NA,NA,NA,NA,NA,NA,"HMDB01539_HMDB03334","HMDB01539",NA,NA,NA,NA,"dimethylarginine_sdma + adma","HMDB01539_HMDB03334","HMDB01539_HMDB03334",FALSE,TRUE
"114","HMDB01539_HMDB03334","SDMA/ADMA",NA,NA,NA,NA,NA,NA,NA,NA,NA,"HMDB01539_HMDB03334",NA,NA,NA,NA,NA,"sdma_adma","HMDB01539_HMDB03334","HMDB01539_HMDB03334",FALSE,TRUE
"115","HMDB01539_HMDB03334","dimethylarginine__sdma___adma","HMDB01539","123831",NA,NA,NA,NA,NA,NA,NA,"HMDB01539_HMDB03334","HMDB01539",NA,NA,NA,NA,"dimethylarginine_sdma_adma","HMDB01539_HMDB03334","HMDB01539_HMDB03334",FALSE,TRUE
"116","HMDB01539_HMDB03334","dimethylarginine (SDMA + ADMA)",NA,"123831",NA,NA,NA,NA,NA,NA,NA,"HMDB01539_HMDB03334",NA,NA,NA,NA,NA,"dimethylarginine_sdma + adma","HMDB01539_HMDB03334","HMDB01539_HMDB03334",FALSE,TRUE
"117","HMDB01539_HMDB03334","dimethylarginine (ADMA + SDMA)",NA,"123831",NA,NA,NA,NA,NA,NA,NA,"HMDB01539_HMDB03334",NA,NA,NA,NA,NA,"dimethylarginine_adma + sdma","HMDB01539_HMDB03334","HMDB01539_HMDB03334",FALSE,TRUE
"118","HMDB02825_HMDB01860","Theobromine and/or Paraxanthine",NA,NA,NA,NA,NA,NA,NA,NA,NA,"HMDB02825_HMDB01860",NA,NA,NA,NA,NA,"theobromine and_or paraxanthine","HMDB02825_HMDB01860","HMDB02825_HMDB01860",FALSE,TRUE
"119","HMDB02825_HMDB01860_VAR2","Theobromine and/or Paraxanthine",NA,NA,NA,NA,NA,NA,NA,NA,NA,"HMDB02825_HMDB01860_VAR2",NA,NA,NA,NA,NA,"theobromine and_or paraxanthine","HMDB02825_HMDB01860","HMDB02825_HMDB01860",FALSE,TRUE
"120","HMDB02917_HMDB00568","xylitol","HMDB02917","6912",NA,NA,NA,NA,NA,NA,NA,"HMDB02917_HMDB00568","HMDB02917",NA,NA,NA,NA,"xylitol","HMDB02917_HMDB00568","HMDB02917_HMDB00568",FALSE,TRUE
"121","HMDB02917_HMDB00568","ribitol","HMDB02917",NA,NA,NA,NA,NA,NA,NA,NA,"HMDB02917_HMDB00568","HMDB02917",NA,NA,NA,NA,"ribitol","HMDB02917_HMDB00568","HMDB02917_HMDB00568",FALSE,TRUE
"122","HMDB02917_HMDB00568","xylitol",NA,NA,NA,NA,NA,NA,NA,NA,NA,"HMDB02917_HMDB00568",NA,NA,NA,NA,NA,"xylitol","HMDB02917_HMDB00568","HMDB02917_HMDB00568",FALSE,TRUE
"123","HMDB02917_HMDB00568","xylitol",NA,NA,NA,NA,NA,NA,NA,NA,NA,"HMDB02917_HMDB00568",NA,NA,NA,NA,NA,"xylitol","HMDB02917_HMDB00568","HMDB02917_HMDB00568",FALSE,TRUE
"124","HMDB02917_HMDB00568","xylitol",NA,NA,NA,NA,NA,NA,NA,NA,NA,"HMDB02917_HMDB00568",NA,NA,NA,NA,NA,"xylitol","HMDB02917_HMDB00568","HMDB02917_HMDB00568",FALSE,TRUE
"125","HMDB02917_HMDB00568","Xylitol","HMDB02917;HMDB00568","6912",NA,NA,NA,NA,NA,NA,NA,"HMDB02917_HMDB00568","HMDB02917",NA,NA,NA,NA,"xylitol","HMDB02917_HMDB00568","HMDB02917_HMDB00568",FALSE,TRUE
"126","HMDB02917_HMDB00568","Xylitol","HMDB02917;HMDB00568","6912",NA,NA,NA,NA,NA,NA,NA,"HMDB02917_HMDB00568","HMDB00568",NA,NA,NA,NA,"xylitol","HMDB02917_HMDB00568","HMDB02917_HMDB00568",FALSE,TRUE
"127","HMDB02917_HMDB00568","xylitol","HMDB02917;HMDB00568","6912",NA,NA,NA,NA,NA,NA,NA,"HMDB02917_HMDB00568","HMDB02917",NA,NA,NA,NA,"xylitol","HMDB02917_HMDB00568","HMDB02917_HMDB00568",FALSE,TRUE
"128","HMDB02917_HMDB00568","xylitol","HMDB02917;HMDB00568","6912",NA,NA,NA,NA,NA,NA,NA,"HMDB02917_HMDB00568","HMDB00568",NA,NA,NA,NA,"xylitol","HMDB02917_HMDB00568","HMDB02917_HMDB00568",FALSE,TRUE
"129","HMDB02917_HMDB00568","Xylitol",NA,NA,NA,NA,NA,NA,NA,NA,NA,"HMDB02917_HMDB00568",NA,NA,NA,NA,NA,"xylitol","HMDB02917_HMDB00568","HMDB02917_HMDB00568",FALSE,TRUE
"130","HMDB02917_HMDB00568","xylitol","HMDB02917","6912",NA,"C00379",NA,NA,NA,NA,NA,"HMDB02917_HMDB00568","HMDB02917","C00379",NA,NA,NA,"xylitol","HMDB02917_HMDB00568","HMDB02917_HMDB00568",FALSE,TRUE
"131","HMDB02917_HMDB00568","xylitol","HMDB02917","6912",NA,"C00379",NA,NA,NA,NA,NA,"HMDB02917_HMDB00568","HMDB02917","C00379",NA,NA,NA,"xylitol","HMDB02917_HMDB00568","HMDB02917_HMDB00568",FALSE,TRUE
"132","HMDB02917_HMDB00568","xylitol","HMDB02917","6912",NA,"C00379",NA,NA,NA,NA,NA,"HMDB02917_HMDB00568","HMDB02917","C00379",NA,NA,NA,"xylitol","HMDB02917_HMDB00568","HMDB02917_HMDB00568",FALSE,TRUE
"133","HMDB02917_HMDB00568","xylitol","HMDB02917","6912",NA,NA,NA,NA,NA,NA,NA,"HMDB02917_HMDB00568","HMDB02917",NA,NA,NA,NA,"xylitol","HMDB02917_HMDB00568","HMDB02917_HMDB00568",FALSE,TRUE
"134","HMDB10169_ME056468_VAR2","Sphingomyelin - SM(d34:1) SM(d18:1/16:0)",NA,NA,NA,NA,NA,"78646",NA,NA,NA,"HMDB10169_ME056468_VAR2",NA,NA,"78646",NA,NA,"sphingomyelin_sm_d34_1_sm_d18_1_16_0","HMDB10169_ME056468","HMDB10169_ME056468",FALSE,TRUE
"135","HMDB10169_ME056468_VAR3","Sphingomyelin - SM(d34:1) SM(d18:1/16:0)",NA,NA,NA,NA,NA,"78646",NA,NA,NA,"HMDB10169_ME056468_VAR3",NA,NA,"78646",NA,NA,"sphingomyelin_sm_d34_1_sm_d18_1_16_0","HMDB10169_ME056468","HMDB10169_ME056468",FALSE,TRUE
"136","HMDB10169_ME056468_VAR4","Sphingomyelin - SM(d34:1) SM(d18:1/16:0)",NA,NA,NA,NA,NA,"78646",NA,NA,NA,"HMDB10169_ME056468_VAR4",NA,NA,"78646",NA,NA,"sphingomyelin_sm_d34_1_sm_d18_1_16_0","HMDB10169_ME056468","HMDB10169_ME056468",FALSE,TRUE
"137","HMDB11549_HMDB11572","1-arachidonylglycerol","HMDB11572","5282281",NA,NA,NA,NA,NA,NA,NA,"HMDB11549_HMDB11572","HMDB11572",NA,NA,NA,NA,"1_arachidonylglycerol","HMDB11549_HMDB11572","HMDB11549_HMDB11572",FALSE,TRUE
"138","HMDB11549_HMDB11572","1-arachidonylglycerol (20:4)","HMDB11549","5282281",NA,NA,NA,NA,NA,NA,NA,"HMDB11549_HMDB11572","HMDB11549",NA,NA,NA,NA,"1_arachidonylglycerol_20_4","HMDB11549_HMDB11572","HMDB11549_HMDB11572",FALSE,TRUE
"139","HMDB11549_HMDB11572","1-arachidonylglycerol (20:4)","HMDB11549","5282281",NA,NA,NA,NA,NA,NA,NA,"HMDB11549_HMDB11572","HMDB11549",NA,NA,NA,NA,"1_arachidonylglycerol_20_4","HMDB11549_HMDB11572","HMDB11549_HMDB11572",FALSE,TRUE
"140","HMDB11549_HMDB11572","1-arachidonylglycerol",NA,NA,NA,NA,NA,NA,NA,NA,NA,"HMDB11549_HMDB11572",NA,NA,NA,NA,NA,"1_arachidonylglycerol","HMDB11549_HMDB11572","HMDB11549_HMDB11572",FALSE,TRUE
"141","HMDB11549_HMDB11572","1-arachidonylglycerol",NA,NA,NA,NA,NA,NA,NA,NA,NA,"HMDB11549_HMDB11572",NA,NA,NA,NA,NA,"1_arachidonylglycerol","HMDB11549_HMDB11572","HMDB11549_HMDB11572",FALSE,TRUE
"142","HMDB11549_HMDB11572","1-arachidonylglycerol","HMDB11549;HMDB11572","5282281",NA,NA,NA,NA,NA,NA,NA,"HMDB11549_HMDB11572","HMDB11549",NA,NA,NA,NA,"1_arachidonylglycerol","HMDB11549_HMDB11572","HMDB11549_HMDB11572",FALSE,TRUE
"143","HMDB11549_HMDB11572","1-arachidonylglycerol","HMDB11549;HMDB11572","5282281",NA,NA,NA,NA,NA,NA,NA,"HMDB11549_HMDB11572","HMDB11572",NA,NA,NA,NA,"1_arachidonylglycerol","HMDB11549_HMDB11572","HMDB11549_HMDB11572",FALSE,TRUE
"144","HMDB11549_HMDB11572","1-arachidonylglycerol",NA,NA,NA,NA,NA,NA,NA,NA,NA,"HMDB11549_HMDB11572",NA,NA,NA,NA,NA,"1_arachidonylglycerol","HMDB11549_HMDB11572","HMDB11549_HMDB11572",FALSE,TRUE
"145","HMDB11549_HMDB11572","1-arachidonylglycerol (20:4)","HMDB11549","5282281",NA,NA,NA,NA,NA,NA,NA,"HMDB11549_HMDB11572","HMDB11549",NA,NA,NA,NA,"1_arachidonylglycerol_20_4","HMDB11549_HMDB11572","HMDB11549_HMDB11572",FALSE,TRUE
"146","HMDB11549_HMDB11572","1-arachidonylglycerol (20:4)","HMDB11572",NA,NA,NA,NA,NA,NA,NA,NA,"HMDB11549_HMDB11572","HMDB11572",NA,NA,NA,NA,"1_arachidonylglycerol_20_4","HMDB11549_HMDB11572","HMDB11549_HMDB11572",FALSE,TRUE
"147","HMDB11549_HMDB11572","1-arachidonylglycerol (20:4)","HMDB11572","5282281","4445452","C13857",NA,NA,NA,NA,NA,"HMDB11549_HMDB11572","HMDB11572","C13857",NA,"4445452",NA,"1_arachidonylglycerol_20_4","HMDB11549_HMDB11572","HMDB11549_HMDB11572",FALSE,TRUE
"148","HMDB11549_HMDB11572","1-arachidonylglycerol","HMDB11572","5282281",NA,"C13857",NA,NA,NA,NA,NA,"HMDB11549_HMDB11572","HMDB11572","C13857",NA,NA,NA,"1_arachidonylglycerol","HMDB11549_HMDB11572","HMDB11549_HMDB11572",FALSE,TRUE
"149","HMDB11549_HMDB11572","1-arachidonylglycerol","HMDB11572","5282281",NA,"C13857",NA,NA,NA,NA,NA,"HMDB11549_HMDB11572","HMDB11572","C13857",NA,NA,NA,"1_arachidonylglycerol","HMDB11549_HMDB11572","HMDB11549_HMDB11572",FALSE,TRUE
"150","HMDB11549_HMDB11572","1-arachidonylglycerol","HMDB11572","5282281",NA,"C13857",NA,NA,NA,NA,NA,"HMDB11549_HMDB11572","HMDB11572","C13857",NA,NA,NA,"1_arachidonylglycerol","HMDB11549_HMDB11572","HMDB11549_HMDB11572",FALSE,TRUE
"151","HMDB11549_HMDB11572","1-arachidonylglycerol","HMDB11572","5282281",NA,NA,NA,NA,NA,NA,NA,"HMDB11549_HMDB11572","HMDB11572",NA,NA,NA,NA,"1_arachidonylglycerol","HMDB11549_HMDB11572","HMDB11549_HMDB11572",FALSE,TRUE
"152","HMDB11549_HMDB11572","1-arachidonylglycerol (20:4)",NA,"5282281",NA,NA,NA,NA,NA,NA,NA,"HMDB11549_HMDB11572",NA,NA,NA,NA,NA,"1_arachidonylglycerol_20_4","HMDB11549_HMDB11572","HMDB11549_HMDB11572",FALSE,TRUE
"153","HMDB13133_HMDB61717","Methylmalonyl carnitine or Succinyl carnitine",NA,NA,NA,NA,NA,NA,NA,NA,NA,"HMDB13133_HMDB61717",NA,NA,NA,NA,NA,"methylmalonyl carnitine or succinyl carnitine","HMDB13133_HMDB61717","HMDB13133_HMDB61717",FALSE,TRUE
"154","HMDB13133_HMDB61717","Methylmalonyl carnitine or Succinyl carnitine",NA,NA,NA,NA,NA,NA,NA,NA,NA,"HMDB13133_HMDB61717",NA,NA,NA,NA,NA,"methylmalonyl carnitine or succinyl carnitine","HMDB13133_HMDB61717","HMDB13133_HMDB61717",FALSE,TRUE
"155","HMDB13448_HMDB13454","PC ae C42:4","HMDB13448_HMDB13454",NA,NA,NA,NA,NA,NA,NA,NA,"HMDB13448_HMDB13454","HMDB13448",NA,NA,NA,NA,"pc ae c42_4","HMDB13448_HMDB13454","HMDB13448_HMDB13454",FALSE,TRUE
"156","HMDB13448_HMDB13454","PC ae C42:4","HMDB13448_HMDB13454",NA,NA,NA,NA,NA,NA,NA,NA,"HMDB13448_HMDB13454","HMDB13454",NA,NA,NA,NA,"pc ae c42_4","HMDB13448_HMDB13454","HMDB13448_HMDB13454",FALSE,TRUE
"157","HMDB13448_HMDB13454","Phospatidylcholine (acyl-alkyl) C42:4",NA,NA,NA,NA,NA,NA,NA,NA,NA,"HMDB13448_HMDB13454",NA,NA,NA,NA,NA,"phospatidylcholine_acyl_alkyl_c42_4","HMDB13448_HMDB13454","HMDB13448_HMDB13454",FALSE,TRUE
"158","HMDB13448_HMDB13454","Phosphatidylcholine acyl-alkyl C42:4 ( PC ae C42:4 )",NA,NA,NA,NA,NA,NA,NA,NA,NA,"HMDB13448_HMDB13454",NA,NA,NA,NA,NA,"phosphatidylcholine acyl_alkyl c42_4_pc ae c42_4 ","HMDB13448_HMDB13454","HMDB13448_HMDB13454",FALSE,TRUE
"159","HMDB13448_HMDB13454","Glycerophospholipids PC ae C42:4",NA,NA,NA,NA,NA,NA,NA,NA,NA,"HMDB13448_HMDB13454",NA,NA,NA,NA,NA,"glycerophospholipids pc ae c42_4","HMDB13448_HMDB13454","HMDB13448_HMDB13454",FALSE,TRUE
"160","HMDB13448_HMDB13454","Glycerophospholipids PC ae C42:4",NA,NA,NA,NA,NA,NA,NA,NA,NA,"HMDB13448_HMDB13454",NA,NA,NA,NA,NA,"glycerophospholipids pc ae c42_4","HMDB13448_HMDB13454","HMDB13448_HMDB13454",FALSE,TRUE
"161","HMDB13448_HMDB13454","Glycerophospholipids PC ae C42:4",NA,NA,NA,NA,NA,NA,NA,NA,NA,"HMDB13448_HMDB13454",NA,NA,NA,NA,NA,"glycerophospholipids pc ae c42_4","HMDB13448_HMDB13454","HMDB13448_HMDB13454",FALSE,TRUE
"162","HMDB13448_HMDB13454","Glycerophospholipids PC ae C42:4",NA,NA,NA,NA,NA,NA,NA,NA,NA,"HMDB13448_HMDB13454",NA,NA,NA,NA,NA,"glycerophospholipids pc ae c42_4","HMDB13448_HMDB13454","HMDB13448_HMDB13454",FALSE,TRUE
"163","HMDB13448_HMDB13454","Glycerophospholipids PC ae C42:4",NA,NA,NA,NA,NA,NA,NA,NA,NA,"HMDB13448_HMDB13454",NA,NA,NA,NA,NA,"glycerophospholipids pc ae c42_4","HMDB13448_HMDB13454","HMDB13448_HMDB13454",FALSE,TRUE
"164","HMDB13448_HMDB13454","PC ae C42:4",NA,NA,NA,NA,NA,NA,NA,NA,NA,"HMDB13448_HMDB13454",NA,NA,NA,NA,NA,"pc ae c42_4","HMDB13448_HMDB13454","HMDB13448_HMDB13454",FALSE,TRUE
"165","HMDB13448_HMDB13454","PC ae C42:4","HMDB13448_HMDB13454",NA,NA,NA,NA,NA,NA,NA,NA,"HMDB13448_HMDB13454","HMDB13448",NA,NA,NA,NA,"pc ae c42_4","HMDB13448_HMDB13454","HMDB13448_HMDB13454",FALSE,TRUE
"166","HMDB13448_HMDB13454","PC ae C42:4","HMDB13448_HMDB13454",NA,NA,NA,NA,NA,NA,NA,NA,"HMDB13448_HMDB13454","HMDB13454",NA,NA,NA,NA,"pc ae c42_4","HMDB13448_HMDB13454","HMDB13448_HMDB13454",FALSE,TRUE
"167","HMDB13677_HMDB33752","3-(2-hydroxyphenyl)propionate","HMDB33752","873",NA,"C01198",NA,NA,NA,NA,NA,"HMDB13677_HMDB33752","HMDB33752","C01198",NA,NA,NA,"3_2_hydroxyphenyl_propionate","HMDB13677_HMDB33752","HMDB13677_HMDB33752",FALSE,TRUE
"168","ME056232_ME056393","Phosphatidylcholine PC(34:4)",NA,NA,NA,NA,NA,"64423",NA,NA,NA,"ME056232_ME056393",NA,NA,"64423",NA,NA,"phosphatidylcholine pc_34_4","ME056232_ME056393","ME056232_ME056393",FALSE,TRUE
"169","ME056232_ME056393_VAR2","Phosphatidylcholine PC(34:4)",NA,NA,NA,NA,NA,"64423",NA,NA,NA,"ME056232_ME056393_VAR2",NA,NA,"64423",NA,NA,"phosphatidylcholine pc_34_4","ME056232_ME056393","ME056232_ME056393",FALSE,TRUE
"170","ME056232_ME056393_VAR3","Phosphatidylcholine PC(34:4)",NA,NA,NA,NA,NA,"64423",NA,NA,NA,"ME056232_ME056393_VAR3",NA,NA,"64423",NA,NA,"phosphatidylcholine pc_34_4","ME056232_ME056393","ME056232_ME056393",FALSE,TRUE
"171","ME056232_ME056393_VAR4","Phosphatidylcholine PC(34:4)",NA,NA,NA,NA,NA,"64423",NA,NA,NA,"ME056232_ME056393_VAR4",NA,NA,"64423",NA,NA,"phosphatidylcholine pc_34_4","ME056232_ME056393","ME056232_ME056393",FALSE,TRUE
"172","ME056239_ME056398","Phosphatidylcholine PC(36:4) - isomer 1",NA,NA,NA,NA,NA,"64520",NA,NA,NA,"ME056239_ME056398",NA,NA,"64520",NA,NA,"phosphatidylcholine pc_36_4__isomer 1","ME056239_ME056398","ME056239_ME056398",FALSE,TRUE
"173","ME056239_ME056398_VAR2","Phosphatidylcholine PC(36:4) - isomer 1",NA,NA,NA,NA,NA,"64520",NA,NA,NA,"ME056239_ME056398_VAR2",NA,NA,"64520",NA,NA,"phosphatidylcholine pc_36_4__isomer 1","ME056239_ME056398_VAR2","ME056239_ME056398_VAR2",FALSE,TRUE
"174","ME056239_ME056398_VAR3","Phosphatidylcholine PC(36:4) - isomer 1",NA,NA,NA,NA,NA,"64520",NA,NA,NA,"ME056239_ME056398_VAR3",NA,NA,"64520",NA,NA,"phosphatidylcholine pc_36_4__isomer 1","ME056239_ME056398_VAR3","ME056239_ME056398_VAR3",FALSE,TRUE
"175","ME056239_ME056398_VAR4","Phosphatidylcholine PC(36:4) - isomer 2 - possibly PC(16:0/20:4)",NA,NA,NA,NA,NA,"64520",NA,NA,NA,"ME056239_ME056398_VAR4",NA,NA,"64520",NA,NA,"phosphatidylcholine pc_36_4__isomer 2_possibly pc_16_0_20_4","ME056239_ME056398_VAR4","ME056239_ME056398_VAR4",FALSE,TRUE
"176","ME056239_ME056398_VAR5","Phosphatidylcholine PC(36:4) - isomer 2 - possibly PC(16:0/20:4)",NA,NA,NA,NA,NA,"64520",NA,NA,NA,"ME056239_ME056398_VAR5",NA,NA,"64520",NA,NA,"phosphatidylcholine pc_36_4__isomer 2_possibly pc_16_0_20_4","ME056239_ME056398_VAR5","ME056239_ME056398_VAR5",FALSE,TRUE
"177","ME056239_ME056398_VAR6","Phosphatidylcholine PC(36:4) - possibly PC(16:0/20:4)",NA,NA,NA,NA,NA,NA,NA,NA,NA,"ME056239_ME056398_VAR6",NA,NA,NA,NA,NA,"phosphatidylcholine pc_36_4__possibly pc_16_0_20_4","ME056239_ME056398_VAR6","ME056239_ME056398_VAR6",FALSE,TRUE
"178","ME056245_ME056404","Phosphatidylcholine PC(38:3)",NA,NA,NA,NA,NA,"64446",NA,NA,NA,"ME056245_ME056404",NA,NA,"64446",NA,NA,"phosphatidylcholine pc_38_3","ME056245_ME056404","ME056245_ME056404",FALSE,TRUE
"179","ME056245_ME056404_VAR2","Phosphatidylcholine PC(38:3)",NA,NA,NA,NA,NA,"64446",NA,NA,NA,"ME056245_ME056404_VAR2",NA,NA,"64446",NA,NA,"phosphatidylcholine pc_38_3","ME056245_ME056404","ME056245_ME056404",FALSE,TRUE
"180","ME056245_ME056404_VAR3","Phosphatidylcholine PC(38:3)",NA,NA,NA,NA,NA,"64446",NA,NA,NA,"ME056245_ME056404_VAR3",NA,NA,"64446",NA,NA,"phosphatidylcholine pc_38_3","ME056245_ME056404","ME056245_ME056404",FALSE,TRUE
"181","ME056245_ME056404_VAR4","Phosphatidylcholine PC(38:3)",NA,NA,NA,NA,NA,"64446",NA,NA,NA,"ME056245_ME056404_VAR4",NA,NA,"64446",NA,NA,"phosphatidylcholine pc_38_3","ME056245_ME056404","ME056245_ME056404",FALSE,TRUE
"182","ME056254_ME056412","Phosphatidylcholine PC(40:8)",NA,NA,NA,NA,NA,"85851",NA,NA,NA,"ME056254_ME056412",NA,NA,"85851",NA,NA,"phosphatidylcholine pc_40_8","ME056254_ME056412","ME056254_ME056412",FALSE,TRUE
"183","ME056280_ME056456","Phosphatidylethanolamine - PE(O-38:5) and/or PE(P-38:4)",NA,NA,NA,NA,NA,NA,NA,NA,NA,"ME056280_ME056456",NA,NA,NA,NA,NA,"phosphatidylethanolamine_pe_o_38_5_and_or pe_p_38_4","ME056280_ME056456","ME056280_ME056456",FALSE,TRUE
"184","ME056280_ME056456_VAR2","Phosphatidylethanolamine - PE(O-38:5) and/or PE(P-38:4)",NA,NA,NA,NA,NA,NA,NA,NA,NA,"ME056280_ME056456_VAR2",NA,NA,NA,NA,NA,"phosphatidylethanolamine_pe_o_38_5_and_or pe_p_38_4","ME056280_ME056456","ME056280_ME056456",FALSE,TRUE
"185","ME056281_ME056457","Phosphatidylethanolamine - PE(O-38:6) and/or PE(P-38:5)",NA,NA,NA,NA,NA,NA,NA,NA,NA,"ME056281_ME056457",NA,NA,NA,NA,NA,"phosphatidylethanolamine_pe_o_38_6_and_or pe_p_38_5","ME056281_ME056457","ME056281_ME056457",FALSE,TRUE
"186","ME056281_ME056457_VAR2","Phosphatidylethanolamine - PE(O-38:6) and/or PE(P-38:5)",NA,NA,NA,NA,NA,NA,NA,NA,NA,"ME056281_ME056457_VAR2",NA,NA,NA,NA,NA,"phosphatidylethanolamine_pe_o_38_6_and_or pe_p_38_5","ME056281_ME056457","ME056281_ME056457",FALSE,TRUE
"187","ME056281_ME056457_VAR3","Phosphatidylethanolamine - PE(O-38:6) and/or PE(P-38:5)",NA,NA,NA,NA,NA,NA,NA,NA,NA,"ME056281_ME056457_VAR3",NA,NA,NA,NA,NA,"phosphatidylethanolamine_pe_o_38_6_and_or pe_p_38_5","ME056281_ME056457","ME056281_ME056457",FALSE,TRUE
"188","ME056301_ME056477_HMDB12104","Sphingomyelin - SM(d40:2) d18:1/22:1 and/or d18:2/22:0 and/or d16:1/24:1",NA,NA,NA,NA,NA,"72529",NA,NA,NA,"ME056301_ME056477_HMDB12104",NA,NA,"72529",NA,NA,"sphingomyelin_sm_d40_2_d18_1_22_1 and_or d18_2_22_0 and_or d16_1_24_1","ME056301_ME056477_HMDB12104","ME056301_ME056477_HMDB12104",FALSE,TRUE
"189","ME056301_ME056477_HMDB12104_VAR2","Sphingomyelin - SM(d40:2) d18:1/22:1 and/or d18:2/22:0 and/or d16:1/24:1",NA,NA,NA,NA,NA,"72529",NA,NA,NA,"ME056301_ME056477_HMDB12104_VAR2",NA,NA,"72529",NA,NA,"sphingomyelin_sm_d40_2_d18_1_22_1 and_or d18_2_22_0 and_or d16_1_24_1","ME056301_ME056477_HMDB12104","ME056301_ME056477_HMDB12104",FALSE,TRUE
"190","ME056301_ME056477_HMDB12104_VAR3","Sphingomyelin - SM(d40:2) d18:1/22:1 and/or d18:2/22:0 and/or d16:1/24:1",NA,NA,NA,NA,NA,"72529",NA,NA,NA,"ME056301_ME056477_HMDB12104_VAR3",NA,NA,"72529",NA,NA,"sphingomyelin_sm_d40_2_d18_1_22_1 and_or d18_2_22_0 and_or d16_1_24_1","ME056301_ME056477_HMDB12104","ME056301_ME056477_HMDB12104",FALSE,TRUE
"191","ME056400_ME056401","Phosphatidylcholine PC(36:5)",NA,NA,NA,NA,NA,"64504",NA,NA,NA,"ME056400_ME056401",NA,NA,"64504",NA,NA,"phosphatidylcholine pc_36_5","ME056400_ME056401","ME056400_ME056401",FALSE,TRUE
"192","ME056400_ME056401_VAR1","Phosphatidylcholine PC(36:5) - possibly PC(16:0/20:5)",NA,NA,NA,NA,NA,"64504",NA,NA,NA,"ME056400_ME056401_VAR1",NA,NA,"64504",NA,NA,"phosphatidylcholine pc_36_5__possibly pc_16_0_20_5","ME056400_ME056401_VAR1","ME056400_ME056401_VAR1",FALSE,TRUE
"193","ME056400_ME056401_VAR2","Phosphatidylcholine PC(36:5) - possibly PC(16:0/20:5)",NA,NA,NA,NA,NA,"64504",NA,NA,NA,"ME056400_ME056401_VAR2",NA,NA,"64504",NA,NA,"phosphatidylcholine pc_36_5__possibly pc_16_0_20_5","ME056400_ME056401_VAR2","ME056400_ME056401_VAR2",FALSE,TRUE
"194","ME056400_ME056401_VAR3","Phosphatidylcholine PC(36:5)",NA,NA,NA,NA,NA,"64504",NA,NA,NA,"ME056400_ME056401_VAR3",NA,NA,"64504",NA,NA,"phosphatidylcholine pc_36_5","ME056400_ME056401_VAR3","ME056400_ME056401_VAR3",FALSE,TRUE
"195","ME056469_PUBCHEM52931145","Sphingomyelin - SM(d34:2) d18:2/16:0 and/or d18:1/16:1",NA,NA,NA,NA,NA,"64587",NA,NA,NA,"ME056469_PUBCHEM52931145",NA,NA,"64587",NA,NA,"sphingomyelin_sm_d34_2_d18_2_16_0 and_or d18_1_16_1","ME056469_PUBCHEM52931145","ME056469_PUBCHEM52931145",FALSE,TRUE
"196","ME056469_PUBCHEM52931145_VAR2","Sphingomyelin - SM(d34:2) d18:2/16:0 and/or d18:1/16:1",NA,NA,NA,NA,NA,"64587",NA,NA,NA,"ME056469_PUBCHEM52931145_VAR2",NA,NA,"64587",NA,NA,"sphingomyelin_sm_d34_2_d18_2_16_0 and_or d18_1_16_1","ME056469_PUBCHEM52931145","ME056469_PUBCHEM52931145",FALSE,TRUE
"197","ME056469_PUBCHEM52931145_VAR3","Sphingomyelin - SM(d34:2) d18:2/16:0 and/or d18:1/16:1",NA,NA,NA,NA,NA,"64587",NA,NA,NA,"ME056469_PUBCHEM52931145_VAR3",NA,NA,"64587",NA,NA,"sphingomyelin_sm_d34_2_d18_2_16_0 and_or d18_1_16_1","ME056469_PUBCHEM52931145","ME056469_PUBCHEM52931145",FALSE,TRUE
"198","ME056469_PUBCHEM52931145_VAR4","Sphingomyelin - SM(d34:2) d18:2/16:0 and/or d18:1/16:1",NA,NA,NA,NA,NA,"64587",NA,NA,NA,"ME056469_PUBCHEM52931145_VAR4",NA,NA,"64587",NA,NA,"sphingomyelin_sm_d34_2_d18_2_16_0 and_or d18_1_16_1","ME056469_PUBCHEM52931145","ME056469_PUBCHEM52931145",FALSE,TRUE
"199","ME056471_CSID4956085","Sphingomyelin SM(36:1) - SM(d18:1/18:0) and/or SM(20:1/16:0)",NA,NA,NA,NA,NA,NA,NA,NA,NA,"ME056471_CSID4956085",NA,NA,NA,NA,NA,"sphingomyelin sm_36_1__sm_d18_1_18_0_and_or sm_20_1_16_0","ME056471_CSID4956085","ME056471_CSID4956085",FALSE,TRUE
"200","ME056471_CSID4956085_VAR2","Sphingomyelin SM(36:1) - SM(d18:1/18:0) and/or SM(20:1/16:0)",NA,NA,NA,NA,NA,NA,NA,NA,NA,"ME056471_CSID4956085_VAR2",NA,NA,NA,NA,NA,"sphingomyelin sm_36_1__sm_d18_1_18_0_and_or sm_20_1_16_0","ME056471_CSID4956085","ME056471_CSID4956085",FALSE,TRUE
"201","ME056471_CSID4956085_VAR3","Sphingomyelin SM(36:1) - SM(d18:1/18:0) and/or SM(20:1/16:0)",NA,NA,NA,NA,NA,NA,NA,NA,NA,"ME056471_CSID4956085_VAR3",NA,NA,NA,NA,NA,"sphingomyelin sm_36_1__sm_d18_1_18_0_and_or sm_20_1_16_0","ME056471_CSID4956085","ME056471_CSID4956085",FALSE,TRUE
"202","ME056471_CSID4956085_VAR4","Sphingomyelin SM(36:1) - SM(d18:1/18:0) and/or SM(20:1/16:0)",NA,NA,NA,NA,NA,NA,NA,NA,NA,"ME056471_CSID4956085_VAR4",NA,NA,NA,NA,NA,"sphingomyelin sm_36_1__sm_d18_1_18_0_and_or sm_20_1_16_0","ME056471_CSID4956085","ME056471_CSID4956085",FALSE,TRUE
"203","ME056483_PUBCHEM52931215","Sphingomyelin - SM(d42:3) d18:2/24:1 and/or d18:1/24:2",NA,NA,NA,NA,NA,"72535",NA,NA,NA,"ME056483_PUBCHEM52931215",NA,NA,"72535",NA,NA,"sphingomyelin_sm_d42_3_d18_2_24_1 and_or d18_1_24_2","ME056483_PUBCHEM52931215","ME056483_PUBCHEM52931215",FALSE,TRUE
"204","ME056483_PUBCHEM52931215_VAR2","Sphingomyelin - SM(d42:3) d18:2/24:1 and/or d18:1/24:2",NA,NA,NA,NA,NA,"72535",NA,NA,NA,"ME056483_PUBCHEM52931215_VAR2",NA,NA,"72535",NA,NA,"sphingomyelin_sm_d42_3_d18_2_24_1 and_or d18_1_24_2","ME056483_PUBCHEM52931215","ME056483_PUBCHEM52931215",FALSE,TRUE
"205","ME056483_PUBCHEM52931215_VAR3","Sphingomyelin - SM(d42:3) d18:2/24:1 and/or d18:1/24:2",NA,NA,NA,NA,NA,"72535",NA,NA,NA,"ME056483_PUBCHEM52931215_VAR3",NA,NA,"72535",NA,NA,"sphingomyelin_sm_d42_3_d18_2_24_1 and_or d18_1_24_2","ME056483_PUBCHEM52931215","ME056483_PUBCHEM52931215",FALSE,TRUE
"206","ME056483_PUBCHEM52931215_VAR4","Sphingomyelin - SM(d42:3) d18:2/24:1 and/or d18:1/24:2",NA,NA,NA,NA,NA,"72535",NA,NA,NA,"ME056483_PUBCHEM52931215_VAR4",NA,NA,"72535",NA,NA,"sphingomyelin_sm_d42_3_d18_2_24_1 and_or d18_1_24_2","ME056483_PUBCHEM52931215","ME056483_PUBCHEM52931215",FALSE,TRUE
